event_id,method,auprc,roc_auc,localization_error_seconds,within_0p15,within_0p30,within_0p60,top_1pct_recall,false_positive_burden,calibration_error,ablation
EDR001,nonlinear_invariant,0.563347297863427,0.9584717607973422,3.21,False,False,False,0.3,0.010368180477584978,0.021537592002615593,pressure_only
EDR001,sparse_invariant,0.3169833087560597,0.7255813953488373,3.21,False,False,False,0.3,0.032430801597115776,0.006218405979394312,pressure_only
EDR003,nonlinear_invariant,0.16666666666666666,0.9603174603174602,5.1,False,False,False,0.0,0.03620840362139013,0.02244305070583271,pressure_only
EDR003,sparse_invariant,0.08849081811792317,0.8946031746031745,5.1,False,False,False,0.0,0.05485058723581049,0.04051873407474169,pressure_only
EDR007,nonlinear_invariant,0.5109992810927391,0.9324590163934425,0.6600000000000001,False,False,False,0.1,0.015215573563948346,0.025712333739555893,pressure_only
EDR007,sparse_invariant,0.7762536849000983,0.8557377049180328,0.02999999999999936,True,True,True,0.4,0.034520464735303034,0.03405519456919355,pressure_only
EDR011,nonlinear_invariant,0.14952796732457752,0.8991666666666666,5.85,False,False,False,0.0,0.031148852564764608,0.01630752453049146,pressure_only
EDR011,sparse_invariant,0.3593254817259952,0.8994444444444445,0.7800000000000002,False,False,False,0.3333333333333333,0.04270188104710589,0.03708320494371594,pressure_only
EDR013,nonlinear_invariant,0.3217391304347826,0.9613333333333334,3.5700000000000003,False,False,False,0.0,0.03046293202398157,0.03211027807479741,pressure_only
EDR013,sparse_invariant,0.07385347153043335,0.7446666666666667,3.6899999999999995,False,False,False,0.0,0.05548327939971589,0.023710091993562256,pressure_only
EDR014,nonlinear_invariant,0.16279069767441862,0.94,4.890000000000001,False,False,False,0.0,0.04078265310240935,0.023394235294015835,pressure_only
EDR014,sparse_invariant,0.7496598639455783,0.9947619047619047,0.2699999999999996,False,True,True,0.42857142857142855,0.045872128071938564,0.05011822433053701,pressure_only
EDR015,nonlinear_invariant,0.2768228503522621,0.9642857142857143,5.37,False,False,False,0.0,0.02232954735440704,0.016283706137219085,pressure_only
EDR015,sparse_invariant,0.6071003401360544,0.9714285714285714,0.05999999999999961,True,True,True,0.42857142857142855,0.035815839151695984,0.0266470633660293,pressure_only
EDR017,nonlinear_invariant,0.2541847041847042,0.8991666666666668,3.5100000000000002,False,False,False,0.5,0.022690142892466604,0.015436282692785448,pressure_only
EDR017,sparse_invariant,0.4167171717171717,0.9316666666666666,0.14999999999999947,True,True,True,0.3333333333333333,0.040401938678517955,0.03007460921854449,pressure_only
EDR018,nonlinear_invariant,0.288537174400552,0.79,0.8700000000000001,False,False,False,0.2,0.019167995610306188,0.011018542154715674,pressure_only
EDR018,sparse_invariant,0.421155379604672,0.8673333333333334,2.67,False,False,False,0.3,0.03377562487227304,0.01257619536462425,pressure_only
EDR019,nonlinear_invariant,0.2551899115377376,0.854983388704319,4.92,False,False,False,0.0,0.038262114120567604,0.021117515813857353,pressure_only
EDR019,sparse_invariant,0.045194820534949345,0.63421926910299,2.219999999999999,False,False,False,0.0,0.10192297216019346,0.06868647873010209,pressure_only
EDR020,nonlinear_invariant,0.8375757575757576,0.9968333333333333,5.46,False,False,False,0.3,0.020678149168165422,0.041296606972805364,pressure_only
EDR020,sparse_invariant,0.6449999999999999,0.9793333333333334,0.3899999999999997,False,False,True,0.3,0.036181991630014974,0.025676336053845093,pressure_only
EDR021,nonlinear_invariant,0.1685531245562703,0.770327868852459,3.99,False,False,False,0.1,0.01802128039196218,0.015084632176069535,pressure_only
EDR021,sparse_invariant,0.10277091458755895,0.8144262295081968,2.0700000000000003,False,False,False,0.0,0.03837444740725833,0.006729174591553049,pressure_only
EDR022,nonlinear_invariant,0.5334451324389404,0.9233333333333333,0.6299999999999999,False,False,False,0.5,0.015508169387901694,0.013024637507207382,pressure_only
EDR022,sparse_invariant,0.39628933444722914,0.9494444444444444,0.41999999999999993,False,False,True,0.3333333333333333,0.03757634554194234,0.028553256228582985,pressure_only
EDR023,nonlinear_invariant,0.3638372893016856,0.9658333333333333,2.3400000000000003,False,False,False,0.0,0.027689933049480028,0.031115956267297545,pressure_only
EDR023,sparse_invariant,0.6677849927849927,0.9473333333333334,0.27000000000000046,False,True,True,0.4,0.037706180877008014,0.023453896963951778,pressure_only
EDR025,nonlinear_invariant,0.3096518194033899,0.88993399339934,0.33000000000000007,False,False,True,0.4,0.028544662719353672,0.028327134133541862,pressure_only
EDR025,sparse_invariant,0.3170649765770693,0.9382838283828383,3.0600000000000005,False,False,False,0.1,0.03989585812031331,0.019319819865233456,pressure_only
EDR028,nonlinear_invariant,0.060388775482431434,0.5783333333333334,0.54,False,False,True,0.14285714285714285,0.020563056092665937,0.0018483412937335053,pressure_only
EDR028,sparse_invariant,0.03727425216148683,0.6071428571428571,2.16,False,False,False,0.0,0.0377037799019831,0.014896578219390588,pressure_only
EDR034,nonlinear_invariant,0.11468252178986779,0.7718333333333334,0.7800000000000002,False,False,False,0.0,0.016676383644552727,0.019026971265026123,pressure_only
EDR034,sparse_invariant,0.042610299894613665,0.6193333333333333,2.85,False,False,False,0.0,0.035239892748727554,0.0029727836584650252,pressure_only
EDR035,nonlinear_invariant,0.3051553590538032,0.8936666666666666,1.62,False,False,False,0.3,0.012937478836539675,0.0182772299845964,pressure_only
EDR035,sparse_invariant,0.4848919284025667,0.9046666666666667,0.1800000000000006,False,True,True,0.3,0.03537247476653339,0.019285401501753816,pressure_only
EDR041,nonlinear_invariant,0.30576354679802953,0.869,1.0499999999999998,False,False,False,0.4,0.019482605723715074,0.010175510749132257,pressure_only
EDR041,sparse_invariant,0.17239032303568913,0.8720000000000001,0.41999999999999993,False,False,True,0.2,0.033997504476217376,0.01769766292793511,pressure_only
EDR054,nonlinear_invariant,0.748452380952381,0.9363934426229508,0.0600000000000005,True,True,True,0.4,0.010516532562799082,0.019201261663658587,pressure_only
EDR054,sparse_invariant,0.6530144967278947,0.9199999999999999,0.03000000000000025,True,True,True,0.4,0.03170138339799896,0.00575413455823974,pressure_only
EDR060,nonlinear_invariant,0.03395338687150838,0.4436065573770492,5.76,False,False,False,0.0,0.023096683436621128,0.0069598821455722475,pressure_only
EDR060,sparse_invariant,0.018608973942777995,0.5081967213114754,3.5700000000000003,False,False,False,0.0,0.04230832552237473,0.02608055994139275,pressure_only
EDR064,nonlinear_invariant,0.338228021291037,0.76,0.03000000000000025,True,True,True,0.3,0.01337663282584953,0.017464753969829792,pressure_only
EDR064,sparse_invariant,0.3295692646843542,0.7909999999999999,0.03000000000000025,True,True,True,0.2,0.03432614945645927,0.008265612757286038,pressure_only
EDR066,nonlinear_invariant,0.7968013468013468,0.9522222222222222,0.0,True,True,True,0.4444444444444444,0.01230530770939455,0.014846127789806469,pressure_only
EDR066,sparse_invariant,0.7499400996741422,0.9544444444444444,0.05999999999999961,True,True,True,0.4444444444444444,0.03300243037751917,0.025832220966992444,pressure_only
EDR072,nonlinear_invariant,0.865079365079365,0.9933333333333334,0.33000000000000007,False,False,True,0.5714285714285714,0.013411452732095293,0.014915211780718484,pressure_only
EDR072,sparse_invariant,0.7967867998263134,0.9771428571428572,0.03000000000000025,True,True,True,0.5714285714285714,0.0341544751925787,0.017845372359827603,pressure_only
EDR001,nonlinear_invariant,0.2023225206481306,0.6888704318936878,1.4100000000000001,False,False,False,0.2,0.010224351653010087,0.021461633939177605,field_velocity_only
EDR001,sparse_invariant,0.37480247568981373,0.9365448504983388,0.0,True,True,True,0.2,0.020801841060855628,0.010210748022391143,field_velocity_only
EDR003,nonlinear_invariant,0.24548444976076556,0.7361904761904762,0.02999999999999936,True,True,True,0.2,0.01246358353640002,0.0025731812933035636,field_velocity_only
EDR003,sparse_invariant,0.4380839500462535,0.8692063492063492,0.02999999999999936,True,True,True,0.4,0.026912850566852543,0.022131671029396935,field_velocity_only
EDR007,nonlinear_invariant,0.811437908496732,0.9021311475409836,0.03000000000000025,True,True,True,0.4,0.014360147403525182,0.026290177982518058,field_velocity_only
EDR007,sparse_invariant,0.7080861911035824,0.8793442622950819,0.0,True,True,True,0.4,0.031029437824099303,0.03880729639965387,field_velocity_only
EDR011,nonlinear_invariant,0.25443510737628383,0.9069444444444444,1.38,False,False,False,0.0,0.021813375598209367,0.012226888267111168,field_velocity_only
EDR011,sparse_invariant,0.3211829501915709,0.8894444444444445,0.75,False,False,False,0.3333333333333333,0.04416620803454523,0.036633916512845505,field_velocity_only
EDR013,nonlinear_invariant,0.4255051400212691,0.9446666666666668,3.06,False,False,False,0.0,0.024203220848421185,0.030305651070814572,field_velocity_only
EDR013,sparse_invariant,0.6746260683760684,0.98,0.39000000000000057,False,False,True,0.4,0.03905994603732513,0.04932807790585947,field_velocity_only
EDR014,nonlinear_invariant,0.1734360410830999,0.9419047619047619,4.38,False,False,False,0.0,0.03448825625341444,0.021371002144556003,field_velocity_only
EDR014,sparse_invariant,0.677128427128427,0.9880952380952381,0.08999999999999986,True,True,True,0.42857142857142855,0.060480859490105746,0.0526498402990449,field_velocity_only
EDR015,nonlinear_invariant,0.5833333333333334,0.9916666666666666,5.34,False,False,False,0.0,0.021120480977726487,0.034239452954156216,field_velocity_only
EDR015,sparse_invariant,0.9999999999999998,1.0,0.03000000000000025,True,True,True,0.5714285714285714,0.042341331075123674,0.04998666586692042,field_velocity_only
EDR017,nonlinear_invariant,0.2583701429289665,0.9636111111111111,4.92,False,False,False,0.0,0.017952245483552495,0.011535452618535426,field_velocity_only
EDR017,sparse_invariant,0.5375742721330956,0.9661111111111111,0.17999999999999972,False,True,True,0.3333333333333333,0.034678374388281884,0.026700903037295266,field_velocity_only
EDR018,nonlinear_invariant,0.29321153052220866,0.9016666666666667,3.54,False,False,False,0.0,0.037398295349930534,0.024494385357255337,field_velocity_only
EDR018,sparse_invariant,0.5180643404747548,0.906,0.0,True,True,True,0.3,0.06365518228069277,0.0461734767319969,field_velocity_only
EDR019,nonlinear_invariant,0.7091558441558441,0.9933554817275746,0.7800000000000002,False,False,False,0.1,0.013082765041926249,0.02530399751412895,field_velocity_only
EDR019,sparse_invariant,0.9051373626373626,0.9966777408637875,0.0,True,True,True,0.4,0.026145444046642347,0.040889091175249644,field_velocity_only
EDR020,nonlinear_invariant,0.24267170851947667,0.8821666666666667,2.22,False,False,False,0.3,0.021625880565575864,0.008586869573417179,field_velocity_only
EDR020,sparse_invariant,0.8384024024024023,0.973,0.47999999999999954,False,False,True,0.4,0.04621470103387579,0.04958460046833093,field_velocity_only
EDR021,nonlinear_invariant,0.16260850843297653,0.8844262295081967,0.03000000000000025,True,True,True,0.1,0.019205128621910462,0.018421753511348032,field_velocity_only
EDR021,sparse_invariant,0.23487494430816258,0.8819672131147541,0.03000000000000025,True,True,True,0.1,0.038207621405040595,0.011774287828195184,field_velocity_only
EDR022,nonlinear_invariant,0.5321769733534439,0.7747222222222222,0.0,True,True,True,0.5,0.015805686332230177,0.012419763290618554,field_velocity_only
EDR022,sparse_invariant,0.5319279033710773,0.8655555555555556,0.0,True,True,True,0.5,0.031555001449357786,0.024543208639680028,field_velocity_only
EDR023,nonlinear_invariant,1.0,1.0,0.5700000000000003,False,False,True,0.4,0.03531052874458325,0.03784993648843727,field_velocity_only
EDR023,sparse_invariant,0.9999999999999999,1.0,0.03000000000000025,True,True,True,0.4,0.05761362677044606,0.07060677058651216,field_velocity_only
EDR025,nonlinear_invariant,0.3440319865319865,0.9480198019801981,0.0600000000000005,True,True,True,0.1,0.020489112390276933,0.008638302300601397,field_velocity_only
EDR025,sparse_invariant,0.228746765574596,0.9303630363036304,3.0600000000000005,False,False,False,0.0,0.037178372618385504,0.026531540610953922,field_velocity_only
EDR028,nonlinear_invariant,0.5,0.9883333333333333,0.20999999999999996,False,True,True,0.5714285714285714,0.023672394433169545,0.03455790921231546,field_velocity_only
EDR028,sparse_invariant,0.9999999999999998,1.0,0.0600000000000005,True,True,True,0.5714285714285714,0.03930621836451275,0.049362981119866464,field_velocity_only
EDR034,nonlinear_invariant,0.36942599162387313,0.7901666666666667,0.0,True,True,True,0.2,0.01005088472843448,0.02129195520718544,field_velocity_only
EDR034,sparse_invariant,0.39567068358224,0.7216666666666667,0.0,True,True,True,0.2,0.022320789013227885,0.008987328516977481,field_velocity_only
EDR035,nonlinear_invariant,0.7621212121212121,0.9558333333333333,0.33000000000000007,False,False,True,0.4,0.012689338493314896,0.01667800743151121,field_velocity_only
EDR035,sparse_invariant,0.7773809523809523,0.9693333333333334,0.0,True,True,True,0.4,0.028536951495726465,0.03416035901663878,field_velocity_only
EDR041,nonlinear_invariant,0.2720496894409938,0.9746666666666667,2.8200000000000003,False,False,False,0.0,0.01981265798146919,0.01587069696584721,field_velocity_only
EDR041,sparse_invariant,0.6948717948717948,0.9773333333333333,0.0,True,True,True,0.6,0.034179789921786954,0.0344520880399834,field_velocity_only
EDR054,nonlinear_invariant,0.8430555555555556,0.9865573770491803,0.02999999999999936,True,True,True,0.4,0.010614151383522202,0.019607495898428924,field_velocity_only
EDR054,sparse_invariant,0.8730555555555556,0.9944262295081967,0.0,True,True,True,0.4,0.022206895496596653,0.0068139766574735975,field_velocity_only
EDR060,nonlinear_invariant,0.04148189319921023,0.7763934426229508,0.54,False,False,True,0.0,0.026128482422211288,0.010200737729250335,field_velocity_only
EDR060,sparse_invariant,0.05560568086883876,0.8321311475409836,0.6299999999999999,False,False,False,0.0,0.04541592858393015,0.029678533600821528,field_velocity_only
EDR064,nonlinear_invariant,0.3839861751152074,0.6966666666666667,0.0,True,True,True,0.3,0.009433029747181909,0.022115318852781195,field_velocity_only
EDR064,sparse_invariant,0.46958793053575487,0.8720000000000001,0.0,True,True,True,0.2,0.021623259599543653,0.009172941889752092,field_velocity_only
EDR066,nonlinear_invariant,0.6808399286530595,0.8333333333333333,0.0,True,True,True,0.4444444444444444,0.009360613290798299,0.018201324021601954,field_velocity_only
EDR066,sparse_invariant,0.726302729528536,0.9207407407407407,0.0,True,True,True,0.4444444444444444,0.019860109508335295,0.009157260998933497,field_velocity_only
EDR072,nonlinear_invariant,0.5833333333333334,0.9916666666666667,3.48,False,False,False,0.2857142857142857,0.024305835500792055,0.036350497309916005,field_velocity_only
EDR072,sparse_invariant,0.982142857142857,0.9995238095238096,0.08999999999999986,True,True,True,0.5714285714285714,0.04505188489284951,0.05555070554329685,field_velocity_only
EDR001,nonlinear_invariant,0.7806293706293705,0.9897009966777408,0.03000000000000025,True,True,True,0.4,0.009295778486636297,0.02063090970540628,established_only
EDR001,sparse_invariant,0.6557925693680842,0.9857142857142858,0.0,True,True,True,0.3,0.02527392801381134,0.004363947254284129,established_only
EDR003,nonlinear_invariant,0.27076923076923076,0.9165079365079365,0.8100000000000005,False,False,False,0.4,0.012461507465776796,0.0064113638491042,established_only
EDR003,sparse_invariant,0.10824404761904761,0.9085714285714286,5.1,False,False,False,0.0,0.03849845469738742,0.02459526525975642,established_only
EDR007,nonlinear_invariant,0.5003471603471604,0.8524590163934426,3.0900000000000003,False,False,False,0.1,0.040524414321466556,0.02261106816264782,established_only
EDR007,sparse_invariant,0.7895189227072488,0.8734426229508196,0.02999999999999936,True,True,True,0.4,0.046878205719445905,0.0465228559924754,established_only
EDR011,nonlinear_invariant,0.17019400352733685,0.9402777777777778,4.26,False,False,False,0.0,0.07802285380348645,0.060434083514058476,established_only
EDR011,sparse_invariant,0.59548294495103,0.9583333333333333,0.02999999999999936,True,True,True,0.5,0.24709950720795926,0.23939708254746567,established_only
EDR013,nonlinear_invariant,0.6845549330843449,0.967,0.41999999999999993,False,False,True,0.4,0.020326171115078062,0.019559103864193895,established_only
EDR013,sparse_invariant,0.5043398268398268,0.9593333333333334,0.41999999999999993,False,False,True,0.2,0.033650328874971165,0.01889537913836127,established_only
EDR014,nonlinear_invariant,0.7,0.995,1.4699999999999998,False,False,False,0.14285714285714285,0.025977466587161574,0.02106884618405227,established_only
EDR014,sparse_invariant,0.8736394557823128,0.9976190476190476,0.0,True,True,True,0.42857142857142855,0.044862180465724724,0.05079642641102459,established_only
EDR015,nonlinear_invariant,0.638095238095238,0.991904761904762,5.37,False,False,False,0.2857142857142857,0.02920329143470113,0.030692944950573682,established_only
EDR015,sparse_invariant,0.9999999999999998,1.0,0.05999999999999961,True,True,True,0.5714285714285714,0.04162730495502886,0.0463587356750911,established_only
EDR017,nonlinear_invariant,0.5408311051693404,0.8513888888888889,0.17999999999999972,False,True,True,0.5,0.009575085491361175,0.00881456987154469,established_only
EDR017,sparse_invariant,0.5740196078431372,0.9777777777777779,0.14999999999999947,True,True,True,0.3333333333333333,0.026675285552180825,0.01742168013158265,established_only
EDR018,nonlinear_invariant,0.5882850840915357,0.8753333333333334,0.03000000000000025,True,True,True,0.3,0.023920698489189263,0.01965918760332755,established_only
EDR018,sparse_invariant,0.5471674232200547,0.9196666666666666,0.02999999999999936,True,True,True,0.3,0.03488699045402524,0.024340140591258146,established_only
EDR019,nonlinear_invariant,0.5733189033189032,0.9863787375415283,2.16,False,False,False,0.2,0.020482488346586804,0.022588699050740308,established_only
EDR019,sparse_invariant,0.22096547679001094,0.9182724252491694,2.219999999999999,False,False,False,0.2,0.0685336514983117,0.0631992455782333,established_only
EDR020,nonlinear_invariant,0.9588235294117647,0.9976666666666666,0.03000000000000025,True,True,True,0.4,0.014803839631568625,0.03573151530309527,established_only
EDR020,sparse_invariant,0.8722643097643097,0.992,0.3899999999999997,False,False,True,0.4,0.028733643646340675,0.03200411956533003,established_only
EDR021,nonlinear_invariant,0.24565924944782228,0.8057377049180328,0.03000000000000025,True,True,True,0.1,0.01510547652533001,0.01565485292120076,established_only
EDR021,sparse_invariant,0.19033187927441642,0.8672131147540983,0.8399999999999999,False,False,False,0.1,0.029684270162065457,0.001673259354439724,established_only
EDR022,nonlinear_invariant,0.8349673202614378,0.983888888888889,0.0,True,True,True,0.6666666666666666,0.009223332427381535,0.013674395047051997,established_only
EDR022,sparse_invariant,0.7252136752136752,0.9866666666666667,0.02999999999999936,True,True,True,0.5,0.025607872497017604,0.02353707602716779,established_only
EDR023,nonlinear_invariant,1.0,1.0,0.08999999999999986,True,True,True,0.4,0.01586392450914337,0.04276544866470015,established_only
EDR023,sparse_invariant,0.9909090909090909,0.9996666666666667,0.03000000000000025,True,True,True,0.4,0.03109082231696558,0.04009082891086314,established_only
EDR025,nonlinear_invariant,0.3087514033953663,0.9498349834983497,0.2400000000000002,False,True,True,0.4,0.033377565584900355,0.013743079587522808,established_only
EDR025,sparse_invariant,0.6215350877192982,0.9874587458745875,3.0600000000000005,False,False,False,0.3,0.04157830721564512,0.04761654568423014,established_only
EDR028,nonlinear_invariant,0.1026724372119109,0.8709523809523809,0.20999999999999996,False,True,True,0.0,0.02968392109969928,0.007851678238387123,established_only
EDR028,sparse_invariant,0.8121315192743763,0.9966666666666666,0.03000000000000025,True,True,True,0.42857142857142855,0.04131949696888701,0.052153137066951016,established_only
EDR034,nonlinear_invariant,0.354963924963925,0.9299999999999999,0.0,True,True,True,0.2,0.011183479984188201,0.020069693468531775,established_only
EDR034,sparse_invariant,0.47877858949731095,0.7673333333333333,0.0,True,True,True,0.3,0.026935413863342295,0.004622907307320198,established_only
EDR035,nonlinear_invariant,0.8096087851750171,0.8851666666666667,0.0,True,True,True,0.4,0.009355999584443195,0.021433677811361476,established_only
EDR035,sparse_invariant,0.8546672771672771,0.9923333333333333,0.1800000000000006,False,True,True,0.4,0.025210113168702888,0.010738854314561511,established_only
EDR041,nonlinear_invariant,0.49306471306471306,0.978,0.08999999999999986,True,True,True,0.2,0.018112449220721184,0.01639171168543725,established_only
EDR041,sparse_invariant,0.9666666666666668,0.9993333333333334,0.0,True,True,True,0.8,0.03214948727329953,0.03839419099272773,established_only
EDR054,nonlinear_invariant,0.9651515151515151,0.998688524590164,0.0,True,True,True,0.4,0.008563582827189291,0.02090112713270032,established_only
EDR054,sparse_invariant,0.9833333333333333,0.9993442622950819,0.03000000000000025,True,True,True,0.4,0.024187582317776738,0.005240691131624874,established_only
EDR060,nonlinear_invariant,0.08070707070707071,0.8885245901639344,0.3899999999999997,False,False,True,0.0,0.027240957925370565,0.011558076107411037,established_only
EDR060,sparse_invariant,0.1388011695906433,0.9377049180327869,0.6899999999999995,False,False,False,0.0,0.04433979414671194,0.029133532657901605,established_only
EDR064,nonlinear_invariant,0.5234096795960124,0.9028333333333333,0.0,True,True,True,0.4,0.009017975503140565,0.021508269564853903,established_only
EDR064,sparse_invariant,0.5814900369340203,0.898,0.0,True,True,True,0.4,0.02604107877613837,0.005753028663200687,established_only
EDR066,nonlinear_invariant,0.8015873015873016,0.9812962962962963,0.0,True,True,True,0.4444444444444444,0.008999212823197275,0.01805554284665544,established_only
EDR066,sparse_invariant,0.8467281510759772,0.9855555555555556,0.05999999999999961,True,True,True,0.4444444444444444,0.025244716271751434,0.018328281512140176,established_only
EDR072,nonlinear_invariant,0.890909090909091,0.9961904761904762,0.03000000000000025,True,True,True,0.5714285714285714,0.016828115214805126,0.023453522584435477,established_only
EDR072,sparse_invariant,0.9999999999999998,1.0,0.1200000000000001,True,True,True,0.5714285714285714,0.03189848409477344,0.027945846901569066,established_only
EDR001,nonlinear_invariant,0.4726968865391916,0.9156146179401993,0.0,True,True,True,0.2,0.008862199070347675,0.022950762466252824,all_invariant
EDR001,sparse_invariant,0.41624341238471674,0.9362126245847177,0.0,True,True,True,0.2,0.01939186257217844,0.011416487692571569,all_invariant
EDR003,nonlinear_invariant,0.47448275862068967,0.9282539682539683,0.02999999999999936,True,True,True,0.4,0.012202275380957495,0.007093031651747144,all_invariant
EDR003,sparse_invariant,0.18799988055422837,0.8825396825396826,5.1,False,False,False,0.2,0.032254339456142464,0.023904446278606575,all_invariant
EDR007,nonlinear_invariant,0.8063492063492064,0.8465573770491804,0.0600000000000005,True,True,True,0.4,0.011083826153855702,0.02487749124024726,all_invariant
EDR007,sparse_invariant,0.7907397504456328,0.878688524590164,0.02999999999999936,True,True,True,0.4,0.028840366914729923,0.03231524366739755,all_invariant
EDR011,nonlinear_invariant,0.4672230003112356,0.8130555555555556,0.8100000000000005,False,False,False,0.5,0.02429912948058891,0.01969439946331712,all_invariant
EDR011,sparse_invariant,0.49045089497392125,0.8994444444444445,0.02999999999999936,True,True,True,0.3333333333333333,0.04583105821362628,0.038844671106503165,all_invariant
EDR013,nonlinear_invariant,0.6333333333333333,0.9876666666666666,2.7600000000000002,False,False,False,0.0,0.031502811523995526,0.035802437935804884,all_invariant
EDR013,sparse_invariant,0.4931490671813253,0.968,0.41999999999999993,False,False,True,0.3,0.053225304791283984,0.051683821166475415,all_invariant
EDR014,nonlinear_invariant,0.30434782608695654,0.9733333333333334,4.38,False,False,False,0.0,0.037598273379472975,0.03178946456478334,all_invariant
EDR014,sparse_invariant,0.8752628324056895,0.9966666666666667,0.2699999999999996,False,True,True,0.42857142857142855,0.0624623869946114,0.06150280245541715,all_invariant
EDR015,nonlinear_invariant,0.7777777777777778,0.9966666666666667,5.3100000000000005,False,False,False,0.2857142857142857,0.0207078617920806,0.035818970171936,all_invariant
EDR015,sparse_invariant,0.982142857142857,0.9995238095238096,0.05999999999999961,True,True,True,0.5714285714285714,0.039030593300133254,0.04260029031997237,all_invariant
EDR017,nonlinear_invariant,0.5582010582010581,0.9822222222222222,0.14999999999999947,True,True,True,0.3333333333333333,0.013616124939867736,0.006370094853227461,all_invariant
EDR017,sparse_invariant,0.5596560846560846,0.9733333333333333,0.14999999999999947,True,True,True,0.3333333333333333,0.03540055184032009,0.027970880298789483,all_invariant
EDR018,nonlinear_invariant,0.39868215304757143,0.9376666666666668,3.0,False,False,False,0.0,0.03516703422319803,0.03677463143389591,all_invariant
EDR018,sparse_invariant,0.542174185463659,0.9073333333333333,0.02999999999999936,True,True,True,0.3,0.052796636094146226,0.039878711833079096,all_invariant
EDR019,nonlinear_invariant,0.8457070707070706,0.9970099667774086,0.7200000000000006,False,False,False,0.3,0.01875587656301583,0.041944220027699486,all_invariant
EDR019,sparse_invariant,0.3265006378783468,0.9554817275747509,2.219999999999999,False,False,False,0.2,0.0461173996569585,0.04346223434784306,all_invariant
EDR020,nonlinear_invariant,0.6844187675070028,0.9894999999999999,0.08999999999999986,True,True,True,0.3,0.020884231398214787,0.015582219272788517,all_invariant
EDR020,sparse_invariant,0.8796753246753246,0.9833333333333334,0.3899999999999997,False,False,True,0.4,0.0414398357430298,0.04061983029433056,all_invariant
EDR021,nonlinear_invariant,0.24376458101415655,0.9172131147540984,0.20999999999999996,False,True,True,0.1,0.014655788504775523,0.017421751413021207,all_invariant
EDR021,sparse_invariant,0.22233874604407786,0.8750819672131147,0.03000000000000025,True,True,True,0.1,0.03690226911051179,0.010633561831598595,all_invariant
EDR022,nonlinear_invariant,0.6177100053504547,0.9061111111111111,0.0,True,True,True,0.5,0.011464048738743323,0.009441291541132955,all_invariant
EDR022,sparse_invariant,0.5657308377896613,0.9222222222222223,0.41999999999999993,False,False,True,0.5,0.031056432302568465,0.028181293487269964,all_invariant
EDR023,nonlinear_invariant,0.7142857142857143,0.9933333333333333,3.45,False,False,False,0.1,0.036607258126056835,0.03960850612354082,all_invariant
EDR023,sparse_invariant,0.9999999999999999,1.0,0.03000000000000025,True,True,True,0.4,0.05142209910297898,0.06470058361933581,all_invariant
EDR025,nonlinear_invariant,0.46241235888294707,0.9801980198019802,0.08999999999999986,True,True,True,0.4,0.02017148787677855,0.019064432445246852,all_invariant
EDR025,sparse_invariant,0.3465996765996766,0.9620462046204621,3.0600000000000005,False,False,False,0.1,0.03757787783230264,0.038228223115420845,all_invariant
EDR028,nonlinear_invariant,0.37598472955615814,0.9764285714285714,0.20999999999999996,False,True,True,0.14285714285714285,0.01700024027154254,0.003622120693277734,all_invariant
EDR028,sparse_invariant,0.8954648526077096,0.9976190476190476,0.15000000000000036,False,True,True,0.42857142857142855,0.03697680056736933,0.04661800193189511,all_invariant
EDR034,nonlinear_invariant,0.4402687093481743,0.8736666666666666,0.0,True,True,True,0.2,0.009868633191224916,0.021328893069290047,all_invariant
EDR034,sparse_invariant,0.3799812253927259,0.7083333333333333,0.0,True,True,True,0.2,0.022925504804324526,0.008592681399330716,all_invariant
EDR035,nonlinear_invariant,0.48882882882882883,0.9446666666666665,0.2999999999999998,False,True,True,0.2,0.010853135595500257,0.020710903260848207,all_invariant
EDR035,sparse_invariant,0.8678571428571428,0.986,0.1800000000000006,False,True,True,0.4,0.026794978867522506,0.027204126467550556,all_invariant
EDR041,nonlinear_invariant,1.0,1.0,0.08999999999999986,True,True,True,0.8,0.014279038040745822,0.027732164933226205,all_invariant
EDR041,sparse_invariant,0.7577639751552796,0.986,0.0,True,True,True,0.6,0.030429487683208953,0.03167093583634091,all_invariant
EDR054,nonlinear_invariant,0.8970370370370371,0.9924590163934426,0.03000000000000025,True,True,True,0.4,0.009061722366930106,0.01991957659794147,all_invariant
EDR054,sparse_invariant,0.8922863247863247,0.9950819672131147,0.0,True,True,True,0.4,0.02058995434661271,0.010358752641002281,all_invariant
EDR060,nonlinear_invariant,0.04335165290528325,0.7321311475409836,0.3899999999999997,False,False,True,0.0,0.02460889642763167,0.008606386475465976,all_invariant
EDR060,sparse_invariant,0.041577663323393875,0.7855737704918032,1.8899999999999997,False,False,False,0.0,0.04373463412694155,0.027867081424576872,all_invariant
EDR064,nonlinear_invariant,0.38602150537634405,0.6166666666666667,0.0,True,True,True,0.3,0.008942501859822347,0.02218501992305317,all_invariant
EDR064,sparse_invariant,0.48273529589319053,0.862,0.0,True,True,True,0.3,0.02202793652620342,0.008040307574862276,all_invariant
EDR066,nonlinear_invariant,0.8618221045405512,0.9190740740740742,0.0,True,True,True,0.4444444444444444,0.00838428003776885,0.018783171704832465,all_invariant
EDR066,sparse_invariant,0.9343434343434345,0.9951851851851852,0.02999999999999936,True,True,True,0.4444444444444444,0.019426672973842127,0.013525294431339154,all_invariant
EDR072,nonlinear_invariant,1.0,1.0,0.1200000000000001,True,True,True,0.5714285714285714,0.01553163059769673,0.02843663071838699,all_invariant
EDR072,sparse_invariant,0.9999999999999998,1.0,0.03000000000000025,True,True,True,0.5714285714285714,0.03979742540182531,0.05228577420165393,all_invariant
EDR001,nonlinear_invariant,0.3937138025373319,0.9702657807308971,1.4100000000000001,False,False,False,0.2,0.009265452553484864,0.0225630043422686,all_except_Q
EDR001,sparse_invariant,0.37664071098393137,0.93687707641196,0.0,True,True,True,0.2,0.019352612388921317,0.011721538264565323,all_except_Q
EDR003,nonlinear_invariant,0.44446842957366434,0.745079365079365,0.02999999999999936,True,True,True,0.4,0.01090388142688659,0.006690033671482161,all_except_Q
EDR003,sparse_invariant,0.436731798179818,0.8603174603174604,0.02999999999999936,True,True,True,0.4,0.025894289616206552,0.021782103638609954,all_except_Q
EDR007,nonlinear_invariant,0.8063492063492064,0.859016393442623,0.0600000000000005,True,True,True,0.4,0.011652193105607748,0.025516414175363062,all_except_Q
EDR007,sparse_invariant,0.7841652892561983,0.8836065573770492,0.14999999999999947,True,True,True,0.4,0.030087604621013113,0.03504188398134408,all_except_Q
EDR011,nonlinear_invariant,0.3495335474427039,0.8416666666666667,1.38,False,False,False,0.3333333333333333,0.026016675570808855,0.021242700836790824,all_except_Q
EDR011,sparse_invariant,0.32148978444642495,0.8905555555555555,0.75,False,False,False,0.3333333333333333,0.045831087545865706,0.04096368795100839,all_except_Q
EDR013,nonlinear_invariant,0.45100882723833546,0.9666666666666667,3.06,False,False,False,0.0,0.034906755741468516,0.035118314055712654,all_except_Q
EDR013,sparse_invariant,0.32580915143521133,0.9426666666666667,3.6899999999999995,False,False,False,0.2,0.05780188155164905,0.044421376391523916,all_except_Q
EDR014,nonlinear_invariant,0.2692307692307692,0.9683333333333334,4.38,False,False,False,0.0,0.038544394718908415,0.03058229140958056,all_except_Q
EDR014,sparse_invariant,0.7145691609977323,0.99,0.2699999999999996,False,True,True,0.42857142857142855,0.06101426812766009,0.05208968895038944,all_except_Q
EDR015,nonlinear_invariant,0.5833333333333334,0.9916666666666667,5.34,False,False,False,0.0,0.021527791178561323,0.026415463282794503,all_except_Q
EDR015,sparse_invariant,0.9999999999999998,1.0,0.03000000000000025,True,True,True,0.5714285714285714,0.041263083747418675,0.04647244687686126,all_except_Q
EDR017,nonlinear_invariant,0.6408730158730158,0.9888888888888888,0.14999999999999947,True,True,True,0.3333333333333333,0.014552958978165702,0.0048089604094262,all_except_Q
EDR017,sparse_invariant,0.5802356902356902,0.9772222222222222,0.17999999999999972,False,True,True,0.3333333333333333,0.03536705309274662,0.03028360745618175,all_except_Q
EDR018,nonlinear_invariant,0.34184517497348893,0.9331666666666666,3.0,False,False,False,0.0,0.0363316902771054,0.019022917306921346,all_except_Q
EDR018,sparse_invariant,0.5244263476432136,0.9066666666666667,0.0,True,True,True,0.3,0.060531416461167185,0.046819422609762,all_except_Q
EDR019,nonlinear_invariant,0.866540404040404,0.9971760797342193,0.7200000000000006,False,False,False,0.3,0.01626003449571843,0.034684682229004296,all_except_Q
EDR019,sparse_invariant,0.9051373626373626,0.9966777408637875,0.0,True,True,True,0.4,0.024657325204150926,0.039704681808735445,all_except_Q
EDR020,nonlinear_invariant,0.6040942028985508,0.9808333333333334,0.08999999999999986,True,True,True,0.3,0.02005105881166138,0.01478424161988561,all_except_Q
EDR020,sparse_invariant,0.8406746031746032,0.9746666666666668,0.47999999999999954,False,False,True,0.4,0.043614124554640865,0.04734372221878536,all_except_Q
EDR021,nonlinear_invariant,0.1768623981762953,0.8849180327868852,0.20999999999999996,False,True,True,0.0,0.015821824678362805,0.016495664631016305,all_except_Q
EDR021,sparse_invariant,0.20488751528068574,0.8478688524590163,0.03000000000000025,True,True,True,0.1,0.04002589349845414,0.013482697428139482,all_except_Q
EDR022,nonlinear_invariant,0.6315441381230855,0.9425,0.0,True,True,True,0.5,0.011159250866591097,0.009240260340392797,all_except_Q
EDR022,sparse_invariant,0.5648496240601504,0.9294444444444445,0.41999999999999993,False,False,True,0.5,0.031001878043083752,0.02558340420883106,all_except_Q
EDR023,nonlinear_invariant,0.5555555555555556,0.9866666666666666,3.45,False,False,False,0.0,0.03721232388119949,0.033595607881314896,all_except_Q
EDR023,sparse_invariant,0.9999999999999999,1.0,0.03000000000000025,True,True,True,0.4,0.05522389623182304,0.06721677961061992,all_except_Q
EDR025,nonlinear_invariant,0.4820864756158874,0.9825082508250825,0.08999999999999986,True,True,True,0.4,0.020159524433471375,0.013315687036360671,all_except_Q
EDR025,sparse_invariant,0.34709000717952126,0.9636963696369637,3.0600000000000005,False,False,False,0.1,0.036841384177734075,0.03873227810415107,all_except_Q
EDR028,nonlinear_invariant,0.5584415584415585,0.9904761904761905,0.20999999999999996,False,True,True,0.5714285714285714,0.01768803859189715,0.02988906711557851,all_except_Q
EDR028,sparse_invariant,0.9999999999999998,1.0,0.0600000000000005,True,True,True,0.5714285714285714,0.037426642614292654,0.05013730624125694,all_except_Q
EDR034,nonlinear_invariant,0.4026694685458774,0.8668333333333333,0.0,True,True,True,0.2,0.010579833906919993,0.020533418584469883,all_except_Q
EDR034,sparse_invariant,0.3737399548053574,0.698,0.0,True,True,True,0.2,0.023122394976073525,0.008229778056138679,all_except_Q
EDR035,nonlinear_invariant,0.7127413127413127,0.9835,0.2999999999999998,False,True,True,0.3,0.010814792305345456,0.020900107270251995,all_except_Q
EDR035,sparse_invariant,0.7784523809523809,0.97,0.0,True,True,True,0.4,0.026678319059616887,0.03322239930404792,all_except_Q
EDR041,nonlinear_invariant,0.9666666666666667,0.9993333333333333,0.08999999999999986,True,True,True,0.8,0.015044713624835303,0.022252139774891204,all_except_Q
EDR041,sparse_invariant,0.7,0.978,0.0,True,True,True,0.6,0.032767721333691,0.033093504752090705,all_except_Q
EDR054,nonlinear_invariant,0.925,0.9960655737704919,0.02999999999999936,True,True,True,0.4,0.009400717904960318,0.019788324469548646,all_except_Q
EDR054,sparse_invariant,0.8730555555555556,0.9944262295081967,0.0,True,True,True,0.4,0.020938623999959643,0.006725114577731653,all_except_Q
EDR060,nonlinear_invariant,0.05155353723981175,0.7675409836065574,0.3899999999999997,False,False,True,0.0,0.023364011763114114,0.007390298873352127,all_except_Q
EDR060,sparse_invariant,0.061890892675206394,0.8531147540983607,0.6299999999999999,False,False,False,0.0,0.04329188705144261,0.027583181199732423,all_except_Q
EDR064,nonlinear_invariant,0.34861751152073733,0.732,0.0,True,True,True,0.2,0.009382431118042838,0.021889508649532975,all_except_Q
EDR064,sparse_invariant,0.41854755124701937,0.8553333333333333,0.0,True,True,True,0.2,0.022506722210189983,0.007571386684287615,all_except_Q
EDR066,nonlinear_invariant,0.8315190742375209,0.9264814814814815,0.0,True,True,True,0.4444444444444444,0.008590575314936299,0.018470093211999355,all_except_Q
EDR066,sparse_invariant,0.9101449275362321,0.9940740740740741,0.0,True,True,True,0.4444444444444444,0.019376532381366843,0.008858371237852623,all_except_Q
EDR072,nonlinear_invariant,0.9821428571428572,0.9995238095238096,0.05999999999999961,True,True,True,0.5714285714285714,0.017715539865849627,0.024552984792321184,all_except_Q
EDR072,sparse_invariant,0.9999999999999998,1.0,0.03000000000000025,True,True,True,0.5714285714285714,0.04407665867741513,0.05279920218168329,all_except_Q
EDR001,nonlinear_invariant,0.4838231415934827,0.9214285714285713,0.0,True,True,True,0.2,0.008860060494005596,0.02295241721679408,all_except_D_e
EDR001,sparse_invariant,0.41624341238471674,0.9362126245847177,0.0,True,True,True,0.2,0.01939250265279927,0.01141584855119487,all_except_D_e
EDR003,nonlinear_invariant,0.47448275862068967,0.9282539682539683,0.02999999999999936,True,True,True,0.4,0.012202275380957495,0.007093031651747144,all_except_D_e
EDR003,sparse_invariant,0.18799988055422837,0.8825396825396826,5.1,False,False,False,0.2,0.032253195580657604,0.023903485336626024,all_except_D_e
EDR007,nonlinear_invariant,0.8063492063492064,0.8465573770491804,0.0600000000000005,True,True,True,0.4,0.011083826153855702,0.02487749124024726,all_except_D_e
EDR007,sparse_invariant,0.7907397504456328,0.878688524590164,0.02999999999999936,True,True,True,0.4,0.02884015339472223,0.03231445569541505,all_except_D_e
EDR011,nonlinear_invariant,0.47703340595497457,0.8258333333333334,0.8100000000000005,False,False,False,0.5,0.0241134354277798,0.019525972107116915,all_except_D_e
EDR011,sparse_invariant,0.49045089497392125,0.8994444444444445,0.02999999999999936,True,True,True,0.3333333333333333,0.04583140803420781,0.03884489251703838,all_except_D_e
EDR013,nonlinear_invariant,0.6333333333333333,0.9876666666666667,2.7600000000000002,False,False,False,0.0,0.03149401841114925,0.03580564388117299,all_except_D_e
EDR013,sparse_invariant,0.4931490671813253,0.968,0.41999999999999993,False,False,True,0.3,0.05322547646758585,0.05168357008721686,all_except_D_e
EDR014,nonlinear_invariant,0.30434782608695654,0.9733333333333334,4.38,False,False,False,0.0,0.037598273379472975,0.03178946456478334,all_except_D_e
EDR014,sparse_invariant,0.8752628324056895,0.9966666666666667,0.2699999999999996,False,True,True,0.42857142857142855,0.062463934032355235,0.06150436496672009,all_except_D_e
EDR015,nonlinear_invariant,0.7777777777777778,0.9966666666666667,5.3100000000000005,False,False,False,0.2857142857142857,0.0207078617920806,0.035818970171936,all_except_D_e
EDR015,sparse_invariant,0.982142857142857,0.9995238095238096,0.05999999999999961,True,True,True,0.5714285714285714,0.039031095423400025,0.04259982718073042,all_except_D_e
EDR017,nonlinear_invariant,0.5582010582010581,0.9822222222222222,0.14999999999999947,True,True,True,0.3333333333333333,0.013616124939867736,0.006370094853227461,all_except_D_e
EDR017,sparse_invariant,0.5596560846560846,0.9733333333333333,0.14999999999999947,True,True,True,0.3333333333333333,0.0354005135776487,0.027970661238020247,all_except_D_e
EDR018,nonlinear_invariant,0.39868215304757143,0.9376666666666666,3.0,False,False,False,0.0,0.03516698474590731,0.036774581838781004,all_except_D_e
EDR018,sparse_invariant,0.542174185463659,0.9073333333333333,0.02999999999999936,True,True,True,0.3,0.05279905166870352,0.03987830099188389,all_except_D_e
EDR019,nonlinear_invariant,0.8457070707070706,0.9970099667774086,0.7200000000000006,False,False,False,0.3,0.018779774496200115,0.04196744806366738,all_except_D_e
EDR019,sparse_invariant,0.3265006378783468,0.9554817275747509,2.219999999999999,False,False,False,0.2,0.046113127583681614,0.043459473708250825,all_except_D_e
EDR020,nonlinear_invariant,0.6844187675070028,0.9895,0.08999999999999986,True,True,True,0.3,0.020919266737794404,0.015618464213100963,all_except_D_e
EDR020,sparse_invariant,0.8796753246753246,0.9833333333333334,0.3899999999999997,False,False,True,0.4,0.04144053866508135,0.04061924874140474,all_except_D_e
EDR021,nonlinear_invariant,0.23767262699116803,0.917704918032787,0.20999999999999996,False,True,True,0.1,0.014618437380718208,0.017459397647291215,all_except_D_e
EDR021,sparse_invariant,0.22233874604407786,0.8750819672131147,0.03000000000000025,True,True,True,0.1,0.03690271949666722,0.010633890709948437,all_except_D_e
EDR022,nonlinear_invariant,0.6179653679653679,0.9072222222222222,0.0,True,True,True,0.5,0.01151748942345531,0.009494960249714688,all_except_D_e
EDR022,sparse_invariant,0.5657308377896613,0.9222222222222223,0.41999999999999993,False,False,True,0.5,0.03105631859161303,0.028181020202923245,all_except_D_e
EDR023,nonlinear_invariant,0.7142857142857143,0.9933333333333333,3.45,False,False,False,0.1,0.036607258126056835,0.03960850612354082,all_except_D_e
EDR023,sparse_invariant,0.9999999999999999,1.0,0.03000000000000025,True,True,True,0.4,0.05142183264067249,0.06470014652515212,all_except_D_e
EDR025,nonlinear_invariant,0.4511642575690563,0.978052805280528,0.08999999999999986,True,True,True,0.4,0.020266759040094135,0.01905514882954695,all_except_D_e
EDR025,sparse_invariant,0.3465996765996766,0.9620462046204621,3.0600000000000005,False,False,False,0.1,0.03757775882111703,0.03822813457790006,all_except_D_e
EDR028,nonlinear_invariant,0.37598472955615814,0.9764285714285714,0.20999999999999996,False,True,True,0.14285714285714285,0.01700024027154254,0.003622120693277734,all_except_D_e
EDR028,sparse_invariant,0.8954648526077096,0.9976190476190476,0.15000000000000036,False,True,True,0.42857142857142855,0.03697639195969595,0.046617482107945675,all_except_D_e
EDR034,nonlinear_invariant,0.4152297747055812,0.8823333333333333,0.0,True,True,True,0.2,0.009871593956614614,0.021321384233016834,all_except_D_e
EDR034,sparse_invariant,0.3799812253927259,0.7083333333333333,0.0,True,True,True,0.2,0.022924894821612245,0.00859322485306686,all_except_D_e
EDR035,nonlinear_invariant,0.48882882882882883,0.9446666666666667,0.2999999999999998,False,True,True,0.2,0.010866093246352418,0.02069655007746901,all_except_D_e
EDR035,sparse_invariant,0.8678571428571428,0.986,0.1800000000000006,False,True,True,0.4,0.026794663978694077,0.02720351991811975,all_except_D_e
EDR041,nonlinear_invariant,1.0,1.0,0.08999999999999986,True,True,True,0.8,0.014375220839892056,0.027818418209943248,all_except_D_e
EDR041,sparse_invariant,0.7577639751552796,0.986,0.0,True,True,True,0.6,0.030429654579561323,0.03167046688364442,all_except_D_e
EDR054,nonlinear_invariant,0.8970370370370371,0.9924590163934426,0.03000000000000025,True,True,True,0.4,0.00907258952049665,0.019903944984096464,all_except_D_e
EDR054,sparse_invariant,0.8922863247863247,0.9950819672131147,0.0,True,True,True,0.4,0.020589503324068094,0.010358123957531482,all_except_D_e
EDR060,nonlinear_invariant,0.04345461390258351,0.7340983606557377,0.3899999999999997,False,False,True,0.0,0.02454985075614166,0.008547630634399252,all_except_D_e
EDR060,sparse_invariant,0.041577663323393875,0.7855737704918032,1.8899999999999997,False,False,False,0.0,0.043735238577607284,0.02786771229374177,all_except_D_e
EDR064,nonlinear_invariant,0.38602150537634405,0.6166666666666667,0.0,True,True,True,0.3,0.008942501859822347,0.02218501992305317,all_except_D_e
EDR064,sparse_invariant,0.48273529589319053,0.862,0.0,True,True,True,0.3,0.022028058085190042,0.008040170697573642,all_except_D_e
EDR066,nonlinear_invariant,0.8618221045405511,0.9266666666666666,0.0,True,True,True,0.4444444444444444,0.00837475994472531,0.01877969324803817,all_except_D_e
EDR066,sparse_invariant,0.9343434343434345,0.9951851851851852,0.02999999999999936,True,True,True,0.4444444444444444,0.019426001120810086,0.013524717405608159,all_except_D_e
EDR072,nonlinear_invariant,0.9999999999999999,0.9999999999999999,0.1200000000000001,True,True,True,0.5714285714285714,0.015484248067887701,0.028390091051563926,all_except_D_e
EDR072,sparse_invariant,0.9999999999999998,1.0,0.03000000000000025,True,True,True,0.5714285714285714,0.03979864711826213,0.05228668605225357,all_except_D_e
