held_out_event,feature,coefficient,C
EDR001,D_e_normalized,0.0,3.0
EDR001,D_e_normalized_abs,0.0,3.0
EDR001,E_prime_normalized,0.0,3.0
EDR001,E_parallel_fraction,0.0,3.0
EDR001,J_parallel_fraction,0.0,3.0
EDR001,J_parallel_fraction_abs,0.0,3.0
EDR001,J_perpendicular_fraction,0.0,3.0
EDR001,Q,0.0668725665807707,3.0
EDR001,pressure_anisotropy,0.0,3.0
EDR001,pressure_deviatoric_fraction,0.0,3.0
EDR001,eigenvalue_min_max_ratio,0.0,3.0
EDR001,eigenvalue_mid_max_ratio,0.0,3.0
EDR001,electron_beta,0.04193868071979684,3.0
EDR001,thermal_current_fraction,0.6682526606814825,3.0
EDR003,D_e_normalized,0.0,3.0
EDR003,D_e_normalized_abs,0.0,3.0
EDR003,E_prime_normalized,0.0,3.0
EDR003,E_parallel_fraction,0.0,3.0
EDR003,J_parallel_fraction,0.0,3.0
EDR003,J_parallel_fraction_abs,0.0,3.0
EDR003,J_perpendicular_fraction,0.0,3.0
EDR003,Q,0.0659772774600851,3.0
EDR003,pressure_anisotropy,0.0,3.0
EDR003,pressure_deviatoric_fraction,0.0,3.0
EDR003,eigenvalue_min_max_ratio,0.0,3.0
EDR003,eigenvalue_mid_max_ratio,0.0,3.0
EDR003,electron_beta,0.038421403855760414,3.0
EDR003,thermal_current_fraction,0.6494727069508106,3.0
EDR007,D_e_normalized,0.0,3.0
EDR007,D_e_normalized_abs,0.0,3.0
EDR007,E_prime_normalized,0.0,3.0
EDR007,E_parallel_fraction,0.0,3.0
EDR007,J_parallel_fraction,0.0,3.0
EDR007,J_parallel_fraction_abs,0.0,3.0
EDR007,J_perpendicular_fraction,0.0,3.0
EDR007,Q,0.062283230120135806,3.0
EDR007,pressure_anisotropy,0.0,3.0
EDR007,pressure_deviatoric_fraction,0.0,3.0
EDR007,eigenvalue_min_max_ratio,0.0,3.0
EDR007,eigenvalue_mid_max_ratio,0.0,3.0
EDR007,electron_beta,0.028840439474299803,3.0
EDR007,thermal_current_fraction,0.6515961618896376,3.0
EDR011,D_e_normalized,0.0,3.0
EDR011,D_e_normalized_abs,0.0,3.0
EDR011,E_prime_normalized,0.0,3.0
EDR011,E_parallel_fraction,0.0,3.0
EDR011,J_parallel_fraction,0.0,3.0
EDR011,J_parallel_fraction_abs,0.0,3.0
EDR011,J_perpendicular_fraction,0.0,3.0
EDR011,Q,0.06528131174253228,3.0
EDR011,pressure_anisotropy,0.0,3.0
EDR011,pressure_deviatoric_fraction,0.0,3.0
EDR011,eigenvalue_min_max_ratio,0.0,3.0
EDR011,eigenvalue_mid_max_ratio,0.0,3.0
EDR011,electron_beta,0.039169688687702736,3.0
EDR011,thermal_current_fraction,0.6627200054127058,3.0
EDR013,D_e_normalized,0.0,3.0
EDR013,D_e_normalized_abs,0.0,3.0
EDR013,E_prime_normalized,0.0,3.0
EDR013,E_parallel_fraction,0.0,3.0
EDR013,J_parallel_fraction,0.0,3.0
EDR013,J_parallel_fraction_abs,0.0,3.0
EDR013,J_perpendicular_fraction,0.0,3.0
EDR013,Q,0.05976976190219447,3.0
EDR013,pressure_anisotropy,0.0,3.0
EDR013,pressure_deviatoric_fraction,0.0,3.0
EDR013,eigenvalue_min_max_ratio,0.0,3.0
EDR013,eigenvalue_mid_max_ratio,0.0,3.0
EDR013,electron_beta,0.05160833878988412,3.0
EDR013,thermal_current_fraction,0.6363910545655034,3.0
EDR014,D_e_normalized,0.0,3.0
EDR014,D_e_normalized_abs,0.0,3.0
EDR014,E_prime_normalized,0.0,3.0
EDR014,E_parallel_fraction,0.0,3.0
EDR014,J_parallel_fraction,0.0,3.0
EDR014,J_parallel_fraction_abs,0.0,3.0
EDR014,J_perpendicular_fraction,0.0,3.0
EDR014,Q,0.06495522344114464,3.0
EDR014,pressure_anisotropy,0.0,3.0
EDR014,pressure_deviatoric_fraction,0.0,3.0
EDR014,eigenvalue_min_max_ratio,0.0,3.0
EDR014,eigenvalue_mid_max_ratio,0.0,3.0
EDR014,electron_beta,0.03572846228280051,3.0
EDR014,thermal_current_fraction,0.6819855668424479,3.0
EDR015,D_e_normalized,0.0,3.0
EDR015,D_e_normalized_abs,0.0,3.0
EDR015,E_prime_normalized,0.0,3.0
EDR015,E_parallel_fraction,0.0,3.0
EDR015,J_parallel_fraction,0.0,3.0
EDR015,J_parallel_fraction_abs,0.0,3.0
EDR015,J_perpendicular_fraction,0.0,3.0
EDR015,Q,0.0646510191528292,3.0
EDR015,pressure_anisotropy,0.0,3.0
EDR015,pressure_deviatoric_fraction,0.0,3.0
EDR015,eigenvalue_min_max_ratio,0.0,3.0
EDR015,eigenvalue_mid_max_ratio,0.0,3.0
EDR015,electron_beta,0.03906341946570351,3.0
EDR015,thermal_current_fraction,0.6401539558613857,3.0
EDR017,D_e_normalized,0.0,3.0
EDR017,D_e_normalized_abs,0.0,3.0
EDR017,E_prime_normalized,0.0,3.0
EDR017,E_parallel_fraction,0.0,3.0
EDR017,J_parallel_fraction,0.0,3.0
EDR017,J_parallel_fraction_abs,0.0,3.0
EDR017,J_perpendicular_fraction,0.0,3.0
EDR017,Q,0.06492415767162714,3.0
EDR017,pressure_anisotropy,0.0,3.0
EDR017,pressure_deviatoric_fraction,0.0,3.0
EDR017,eigenvalue_min_max_ratio,0.0,3.0
EDR017,eigenvalue_mid_max_ratio,0.0,3.0
EDR017,electron_beta,0.03447015370092207,3.0
EDR017,thermal_current_fraction,0.6513702149100348,3.0
EDR018,D_e_normalized,0.0,3.0
EDR018,D_e_normalized_abs,0.0,3.0
EDR018,E_prime_normalized,0.0,3.0
EDR018,E_parallel_fraction,0.0,3.0
EDR018,J_parallel_fraction,0.0,3.0
EDR018,J_parallel_fraction_abs,0.0,3.0
EDR018,J_perpendicular_fraction,0.0,3.0
EDR018,Q,0.06216283645620959,3.0
EDR018,pressure_anisotropy,0.0,3.0
EDR018,pressure_deviatoric_fraction,0.0,3.0
EDR018,eigenvalue_min_max_ratio,0.0,3.0
EDR018,eigenvalue_mid_max_ratio,0.0,3.0
EDR018,electron_beta,0.0397016136792287,3.0
EDR018,thermal_current_fraction,0.6419281301400911,3.0
EDR019,D_e_normalized,0.0,3.0
EDR019,D_e_normalized_abs,0.0,3.0
EDR019,E_prime_normalized,0.0,3.0
EDR019,E_parallel_fraction,0.0,3.0
EDR019,J_parallel_fraction,0.0,3.0
EDR019,J_parallel_fraction_abs,0.0,3.0
EDR019,J_perpendicular_fraction,0.0,3.0
EDR019,Q,0.08172505091013417,3.0
EDR019,pressure_anisotropy,0.0,3.0
EDR019,pressure_deviatoric_fraction,0.0,3.0
EDR019,eigenvalue_min_max_ratio,0.0,3.0
EDR019,eigenvalue_mid_max_ratio,0.0,3.0
EDR019,electron_beta,0.037083120654741876,3.0
EDR019,thermal_current_fraction,0.5769641979429666,3.0
EDR020,D_e_normalized,0.0,3.0
EDR020,D_e_normalized_abs,0.0,3.0
EDR020,E_prime_normalized,0.0,3.0
EDR020,E_parallel_fraction,0.0,3.0
EDR020,J_parallel_fraction,0.0,3.0
EDR020,J_parallel_fraction_abs,0.0,3.0
EDR020,J_perpendicular_fraction,0.0,3.0
EDR020,Q,0.0618589209164991,3.0
EDR020,pressure_anisotropy,0.0,3.0
EDR020,pressure_deviatoric_fraction,0.0,3.0
EDR020,eigenvalue_min_max_ratio,0.0,3.0
EDR020,eigenvalue_mid_max_ratio,0.0,3.0
EDR020,electron_beta,0.03904299229701687,3.0
EDR020,thermal_current_fraction,0.633759454367416,3.0
EDR021,D_e_normalized,0.0,3.0
EDR021,D_e_normalized_abs,0.0,3.0
EDR021,E_prime_normalized,0.0,3.0
EDR021,E_parallel_fraction,0.0,3.0
EDR021,J_parallel_fraction,0.0,3.0
EDR021,J_parallel_fraction_abs,0.0,3.0
EDR021,J_perpendicular_fraction,0.0,3.0
EDR021,Q,0.06422313448833379,3.0
EDR021,pressure_anisotropy,0.0,3.0
EDR021,pressure_deviatoric_fraction,0.0,3.0
EDR021,eigenvalue_min_max_ratio,0.0,3.0
EDR021,eigenvalue_mid_max_ratio,0.0,3.0
EDR021,electron_beta,0.0457226018252635,3.0
EDR021,thermal_current_fraction,0.657379909022414,3.0
EDR022,D_e_normalized,0.0,3.0
EDR022,D_e_normalized_abs,0.0,3.0
EDR022,E_prime_normalized,0.0,3.0
EDR022,E_parallel_fraction,0.0,3.0
EDR022,J_parallel_fraction,0.0,3.0
EDR022,J_parallel_fraction_abs,0.0,3.0
EDR022,J_perpendicular_fraction,0.0,3.0
EDR022,Q,0.06327927997426656,3.0
EDR022,pressure_anisotropy,0.0,3.0
EDR022,pressure_deviatoric_fraction,0.0,3.0
EDR022,eigenvalue_min_max_ratio,0.0,3.0
EDR022,eigenvalue_mid_max_ratio,0.0,3.0
EDR022,electron_beta,0.033644128885793344,3.0
EDR022,thermal_current_fraction,0.6459056136861567,3.0
EDR023,D_e_normalized,0.0,3.0
EDR023,D_e_normalized_abs,0.0,3.0
EDR023,E_prime_normalized,0.0,3.0
EDR023,E_parallel_fraction,0.0,3.0
EDR023,J_parallel_fraction,0.0,3.0
EDR023,J_parallel_fraction_abs,0.0,3.0
EDR023,J_perpendicular_fraction,0.0,3.0
EDR023,Q,0.06137921591090491,3.0
EDR023,pressure_anisotropy,0.0,3.0
EDR023,pressure_deviatoric_fraction,0.0,3.0
EDR023,eigenvalue_min_max_ratio,0.0,3.0
EDR023,eigenvalue_mid_max_ratio,0.0,3.0
EDR023,electron_beta,0.03524980865210357,3.0
EDR023,thermal_current_fraction,0.6183515406429282,3.0
EDR025,D_e_normalized,0.0,3.0
EDR025,D_e_normalized_abs,0.0,3.0
EDR025,E_prime_normalized,0.0,3.0
EDR025,E_parallel_fraction,0.0,3.0
EDR025,J_parallel_fraction,0.0,3.0
EDR025,J_parallel_fraction_abs,0.0,3.0
EDR025,J_perpendicular_fraction,0.0,3.0
EDR025,Q,0.06602046548016906,3.0
EDR025,pressure_anisotropy,0.0,3.0
EDR025,pressure_deviatoric_fraction,0.0,3.0
EDR025,eigenvalue_min_max_ratio,0.0,3.0
EDR025,eigenvalue_mid_max_ratio,0.0,3.0
EDR025,electron_beta,0.02732369621840666,3.0
EDR025,thermal_current_fraction,0.6498106383260022,3.0
EDR028,D_e_normalized,0.0,3.0
EDR028,D_e_normalized_abs,0.0,3.0
EDR028,E_prime_normalized,0.0,3.0
EDR028,E_parallel_fraction,0.0,3.0
EDR028,J_parallel_fraction,0.0,3.0
EDR028,J_parallel_fraction_abs,0.0,3.0
EDR028,J_perpendicular_fraction,0.0,3.0
EDR028,Q,0.06862444670492067,3.0
EDR028,pressure_anisotropy,0.0,3.0
EDR028,pressure_deviatoric_fraction,0.0,3.0
EDR028,eigenvalue_min_max_ratio,0.0,3.0
EDR028,eigenvalue_mid_max_ratio,0.0,3.0
EDR028,electron_beta,0.03728278467634311,3.0
EDR028,thermal_current_fraction,0.6163054706337974,3.0
EDR034,D_e_normalized,0.0,3.0
EDR034,D_e_normalized_abs,0.0,3.0
EDR034,E_prime_normalized,0.0,3.0
EDR034,E_parallel_fraction,0.0,3.0
EDR034,J_parallel_fraction,0.0,3.0
EDR034,J_parallel_fraction_abs,0.0,3.0
EDR034,J_perpendicular_fraction,0.0,3.0
EDR034,Q,0.06820207522565139,3.0
EDR034,pressure_anisotropy,0.0,3.0
EDR034,pressure_deviatoric_fraction,0.0,3.0
EDR034,eigenvalue_min_max_ratio,0.0,3.0
EDR034,eigenvalue_mid_max_ratio,0.0,3.0
EDR034,electron_beta,0.03964053307253884,3.0
EDR034,thermal_current_fraction,0.6676339665240562,3.0
EDR035,D_e_normalized,0.0,3.0
EDR035,D_e_normalized_abs,0.0,3.0
EDR035,E_prime_normalized,0.0,3.0
EDR035,E_parallel_fraction,0.0,3.0
EDR035,J_parallel_fraction,0.0,3.0
EDR035,J_parallel_fraction_abs,0.0,3.0
EDR035,J_perpendicular_fraction,0.0,3.0
EDR035,Q,0.061421472500393266,3.0
EDR035,pressure_anisotropy,0.0,3.0
EDR035,pressure_deviatoric_fraction,0.0,3.0
EDR035,eigenvalue_min_max_ratio,0.0,3.0
EDR035,eigenvalue_mid_max_ratio,0.0,3.0
EDR035,electron_beta,0.04071714269850743,3.0
EDR035,thermal_current_fraction,0.6412920702956958,3.0
EDR041,D_e_normalized,0.0,3.0
EDR041,D_e_normalized_abs,0.0,3.0
EDR041,E_prime_normalized,0.0,3.0
EDR041,E_parallel_fraction,0.0,3.0
EDR041,J_parallel_fraction,0.0,3.0
EDR041,J_parallel_fraction_abs,0.0,3.0
EDR041,J_perpendicular_fraction,0.0,3.0
EDR041,Q,0.06634846077285704,3.0
EDR041,pressure_anisotropy,0.0,3.0
EDR041,pressure_deviatoric_fraction,0.0,3.0
EDR041,eigenvalue_min_max_ratio,0.0,3.0
EDR041,eigenvalue_mid_max_ratio,0.0,3.0
EDR041,electron_beta,0.038683304325478444,3.0
EDR041,thermal_current_fraction,0.6444413273658617,3.0
EDR054,D_e_normalized,0.0,3.0
EDR054,D_e_normalized_abs,0.0,3.0
EDR054,E_prime_normalized,0.0,3.0
EDR054,E_parallel_fraction,0.0,3.0
EDR054,J_parallel_fraction,0.0,3.0
EDR054,J_parallel_fraction_abs,0.0,3.0
EDR054,J_perpendicular_fraction,0.0,3.0
EDR054,Q,0.06723036148720532,3.0
EDR054,pressure_anisotropy,0.0,3.0
EDR054,pressure_deviatoric_fraction,0.0,3.0
EDR054,eigenvalue_min_max_ratio,0.0,3.0
EDR054,eigenvalue_mid_max_ratio,0.0,3.0
EDR054,electron_beta,0.04173413387700575,3.0
EDR054,thermal_current_fraction,0.6478376927120372,3.0
EDR060,D_e_normalized,0.0,3.0
EDR060,D_e_normalized_abs,0.0,3.0
EDR060,E_prime_normalized,0.0,3.0
EDR060,E_parallel_fraction,0.0,3.0
EDR060,J_parallel_fraction,0.0,3.0
EDR060,J_parallel_fraction_abs,0.0,3.0
EDR060,J_perpendicular_fraction,0.0,3.0
EDR060,Q,0.06563811638543439,3.0
EDR060,pressure_anisotropy,0.0,3.0
EDR060,pressure_deviatoric_fraction,0.0,3.0
EDR060,eigenvalue_min_max_ratio,0.0,3.0
EDR060,eigenvalue_mid_max_ratio,0.0,3.0
EDR060,electron_beta,0.03751084814241852,3.0
EDR060,thermal_current_fraction,0.6538521455817174,3.0
EDR064,D_e_normalized,0.0,3.0
EDR064,D_e_normalized_abs,0.0,3.0
EDR064,E_prime_normalized,0.0,3.0
EDR064,E_parallel_fraction,0.0,3.0
EDR064,J_parallel_fraction,0.0,3.0
EDR064,J_parallel_fraction_abs,0.0,3.0
EDR064,J_perpendicular_fraction,0.0,3.0
EDR064,Q,0.06688286590884905,3.0
EDR064,pressure_anisotropy,0.0,3.0
EDR064,pressure_deviatoric_fraction,0.0,3.0
EDR064,eigenvalue_min_max_ratio,0.0,3.0
EDR064,eigenvalue_mid_max_ratio,0.0,3.0
EDR064,electron_beta,0.035469931983228585,3.0
EDR064,thermal_current_fraction,0.6700049136576122,3.0
EDR066,D_e_normalized,0.0,3.0
EDR066,D_e_normalized_abs,0.0,3.0
EDR066,E_prime_normalized,0.0,3.0
EDR066,E_parallel_fraction,0.0,3.0
EDR066,J_parallel_fraction,0.0,3.0
EDR066,J_parallel_fraction_abs,0.0,3.0
EDR066,J_perpendicular_fraction,0.0,3.0
EDR066,Q,0.060307757532095496,3.0
EDR066,pressure_anisotropy,0.0,3.0
EDR066,pressure_deviatoric_fraction,0.0,3.0
EDR066,eigenvalue_min_max_ratio,0.0,3.0
EDR066,eigenvalue_mid_max_ratio,0.0,3.0
EDR066,electron_beta,0.032346416414069074,3.0
EDR066,thermal_current_fraction,0.6720753471848365,3.0
EDR072,D_e_normalized,0.0,3.0
EDR072,D_e_normalized_abs,0.0,3.0
EDR072,E_prime_normalized,0.0,3.0
EDR072,E_parallel_fraction,0.0,3.0
EDR072,J_parallel_fraction,0.0,3.0
EDR072,J_parallel_fraction_abs,0.0,3.0
EDR072,J_perpendicular_fraction,0.0,3.0
EDR072,Q,0.06591684456256157,3.0
EDR072,pressure_anisotropy,0.0,3.0
EDR072,pressure_deviatoric_fraction,0.0,3.0
EDR072,eigenvalue_min_max_ratio,0.0,3.0
EDR072,eigenvalue_mid_max_ratio,0.0,3.0
EDR072,electron_beta,0.032299170364227456,3.0
EDR072,thermal_current_fraction,0.6262777235553618,3.0
