unique_trajectory_identifier,beginning_utc_time,iau_code,sol_lon_deg,lamgeo_deg,betgeo_deg,vgeo_km_s,e,q_au,i_deg,peri_deg,node_deg,sigma_9,sigma_15,sigma_10,sigma_11,sigma_12,medianfiterr_arcsec,num_stat,participating_stations,label,event_id,canonical_target_member,timestamp_key,trajectory_ids,trajectory_count
20220425071033_4Wc6B,2022-04-25 07:10:33.803549,,34.768228,245.57217,6.61123,41.43505,0.971868,0.055257,29.193442,336.554918,34.774429,0.0001,0.0007,0.5857,0.1879,0.0002,56.54,6,"['US0002', 'US0004', 'US000A', 'US000J', 'US000P', 'USL00V']",SPORADIC,20220425071033_4Wc6B,False,20220425071033,20220425071033_4Wc6B,1
20220425100930_QG7RH,2022-04-25 10:09:30.126124,,34.889266,246.0053,6.96634,37.34661,0.943646,0.07615,23.414081,334.652316,34.899447,0.0027,0.006,0.9424,1.2333,0.0004,55.28,7,"['US000U', 'USL004', 'USL005', 'USL008', 'USL00C', 'USL00G', 'USL00M']",SPORADIC,20220425100930_QG7RH,True,20220425100930,20220425100930_QG7RH,1
20220425214316_g1mDj,2022-04-25 21:43:16.375296,,35.35848,246.54056,7.39992,37.41408,0.943143,0.077089,24.853026,334.468645,35.366903,0.0002,0.0002,0.0692,0.0424,0.0,9.77,2,"['RU000M', 'RU0013']",SPORADIC,20220425214316_g1mDj,True,20220425214316,20220425214316_g1mDj,1
20220427103501_S8NEe,2022-04-27 10:35:01.806772,,36.853651,247.34103,7.29682,39.40306,0.9573,0.070287,27.111133,334.390985,36.862568,0.0055,0.0069,1.3365,1.1134,0.0004,58.68,2,"['MX000B', 'MX000C']",SPORADIC,20220427103501_S8NEe,True,20220427103501,20220427103501_S8NEe,1
20220427212848_4FpBh,2022-04-27 21:28:48.126253,,37.295403,247.88619,7.32508,37.10216,0.939618,0.082719,23.51063,333.451406,37.304363,0.0003,0.0004,0.1395,0.06,0.0001,7.53,2,"['RU000M', 'RU0013']",SPORADIC,20220427212848_4FpBh,True,20220427212848,20220427212848_4FpBh,1
20220428055316_V9cWu,2022-04-28 05:53:16.998967,,37.636214,248.51664,7.47577,37.67188,0.944547,0.077908,25.180957,334.071739,37.639425,0.0016,0.0025,1.4319,0.4571,0.0003,43.58,2,"['BR000F', 'BR000Q']",SPORADIC,20220428055316_V9cWu,True,20220428055316,20220428055316_V9cWu,1
20220428084048_l3J68,2022-04-28 08:40:48.603711,,37.749377,248.53409,7.80998,37.92234,0.945385,0.078658,26.427882,333.75749,37.757502,0.0014,0.0022,0.6803,0.4192,0.0002,84.17,6,"['US0022', 'USL00A', 'USL00B', 'USL00E', 'USL012', 'USV003']",SPORADIC,20220428084048_l3J68,True,20220428084048,20220428084048_l3J68,1
20220428224619_5jOdt,2022-04-28 22:46:19.027480,,38.320414,248.21524,6.43467,38.06235,0.948554,0.078278,21.655571,333.438226,38.330062,0.0008,0.0006,1.4557,0.0795,0.0007,62.55,2,"['HR000G', 'HR001H']",SPORADIC,20220428224619_5jOdt,True,20220428224619,20220428224619_5jOdt,1
20220430011410_9nBEV,2022-04-30 01:14:10.209095,,39.392372,249.72875,7.74139,36.21727,0.930148,0.091832,23.057948,332.351354,39.402937,0.0011,0.0022,0.5394,0.4167,0.0003,42.88,2,"['HR000V', 'HR0025']",SPORADIC,20220430011410_9nBEV,True,20220430011410,20220430011410_9nBEV,1
20220430064940_Xyt8z,2022-04-30 06:49:40.941465,,39.618802,249.04188,8.56297,37.38734,0.936451,0.095272,25.985426,330.715542,39.625652,0.0059,0.011,1.0602,2.2097,0.0004,157.35,4,"['USL00J', 'USL00X', 'USL011', 'USL012']",SPORADIC,20220430064940_Xyt8z,True,20220430064940,20220430064940_Xyt8z,1
20220430085701_wz5l2,2022-04-30 08:57:01.152127,,39.704731,250.11288,6.61876,36.87235,0.939382,0.08252,21.044893,333.548314,39.715678,0.0022,0.0012,2.8136,0.3289,0.0029,49.88,3,"['USL00A', 'USL00J', 'USL00Y']",SPORADIC,20220430085701_wz5l2,True,20220430085701,20220430085701_wz5l2,1
20230422113715_yPmcE,2023-04-22 11:37:15.573484,,31.774242,242.25477,6.03713,38.69333,0.954879,0.069332,21.889414,334.953326,31.782219,0.0022,0.0027,2.4491,0.6103,0.0007,38.85,2,"['NZ000D', 'NZ0020']",SPORADIC,20230422113715_yPmcE,False,20230422113715,20230422113715_yPmcE,1
20230425020723_Ke8PF,2023-04-25 02:07:23.067093,,34.313781,245.74823,7.12426,36.70763,0.938689,0.078522,23.190155,334.689116,34.323453,0.0021,0.0024,1.7896,0.3891,0.0008,56.68,8,"['UK000F', 'UK003N', 'UK0045', 'UK004E', 'UK005P', 'UK006D', 'UK006U', 'UK008T']",SPORADIC,20230425020723_Ke8PF,True,20230425020723,20230425020723_Ke8PF,1
20230425171655_cXmwP,2023-04-25 17:16:55.729125,,34.92912,245.41366,9.44901,36.91354,0.930797,0.094965,28.539211,331.456618,34.936698,0.0025,0.0038,3.4331,0.8403,0.0009,31.08,2,"['RU000H', 'RU000T']",SPORADIC,20230425171655_cXmwP,False,20230425171655,20230425171655_cXmwP,1
20230426164546_Bl5Dk,2023-04-26 16:45:46.211967,,35.881789,247.16317,8.66179,35.54906,0.923045,0.093459,25.241158,332.848943,35.885661,0.002,0.0027,0.6856,0.4607,0.0002,58.72,3,"['NZ000A', 'NZ000D', 'NZ0015']",SPORADIC,20230426164546_Bl5Dk,True,20230426164546,20230426164546_Bl5Dk,1
20230427023049_idwNY,2023-04-27 02:30:49.903236,,36.277248,244.74425,7.38643,40.29213,0.961747,0.080361,26.134807,331.25955,36.285991,0.0013,0.0005,0.6742,0.2373,0.0003,37.9,4,"['UK003N', 'UK005N', 'UK0078', 'UK0092']",SPORADIC,20230427023049_idwNY,False,20230427023049,20230427023049_idwNY,1
20230427114842_eeUr9,2023-04-27 11:48:42.378449,,36.65424,246.5893,6.28516,36.40099,0.934746,0.087892,19.043828,332.743297,36.663567,0.002,0.0055,2.8879,1.2465,0.0011,65.95,3,"['NZ000V', 'NZ0011', 'NZ001Z']",SPORADIC,20230427114842_eeUr9,True,20230427114842,20230427114842_eeUr9,1
20230428073717_SHtpX,2023-04-28 07:37:17.508671,,37.457155,247.07425,6.79864,39.44796,0.957914,0.073707,24.527438,333.405561,37.466825,0.001,0.0021,0.8943,0.4765,0.0004,52.59,2,"['CA000B', 'CA002L']",SPORADIC,20230428073717_SHtpX,True,20230428073717,20230428073717_SHtpX,1
20230428145855_COdzl,2023-04-28 14:58:55.535051,,37.755387,248.73158,6.06868,38.29228,0.953402,0.067848,22.058758,335.606194,37.762883,0.0039,0.0046,1.05,0.689,0.0003,49.74,3,"['AU000A', 'AU000G', 'AU0010']",SPORADIC,20230428145855_COdzl,True,20230428145855,20230428145855_COdzl,1
20230429090317_3F8rw,2023-04-29 09:03:17.453003,,38.487422,249.53706,6.51992,37.28628,0.944701,0.074892,22.007355,334.870586,38.497374,0.0081,0.0036,4.7892,1.7223,0.0022,93.26,2,"['USL00B', 'USL00D']",SPORADIC,20230429090317_3F8rw,True,20230429090317,20230429090317_3F8rw,1
20230429154713_gRlzV,2023-04-29 15:47:13.820517,,38.760031,248.46305,7.15444,37.82582,0.944744,0.083782,23.22196,332.517617,38.765124,0.001,0.0005,0.4057,0.0737,0.0001,69.37,7,"['NZ000D', 'NZ000K', 'NZ000M', 'NZ000N', 'NZ000V', 'NZ0011', 'NZ0020']",SPORADIC,20230429154713_gRlzV,True,20230429154713,20230429154713_gRlzV,1
20230429184359_ysYWk,2023-04-29 18:43:59.836778,,38.879313,248.53877,6.97311,41.62898,0.971933,0.063005,28.976512,334.408364,38.882159,0.0044,0.0047,1.6384,0.7325,0.0003,32.99,2,"['AU000C', 'AU0010']",SPORADIC,20230429184359_ysYWk,False,20230429184359,20230429184359_ysYWk,1
20230430035812_8CqK4,2023-04-30 03:58:12.740339,,39.25324,249.25675,5.66376,38.05417,0.950663,0.074474,19.439406,334.166964,39.266141,0.0026,0.0079,2.6693,1.7258,0.002,28.9,2,"['ES000L', 'ES000T']",SPORADIC,20230430035812_8CqK4,False,20230430035812,20230430035812_8CqK4,1
20230430112510_R3y4j,2023-04-30 11:25:10.052978,,39.554738,249.29755,7.29404,37.89602,0.945102,0.083606,23.773715,332.519708,39.562618,0.0002,0.0003,0.2055,0.0598,0.0001,73.76,2,"['NZ000L', 'NZ000V']",SPORADIC,20230430112510_R3y4j,True,20230430112510,20230430112510_R3y4j,1
20240426053939_W3Fc4,2024-04-26 05:39:39.914765,,36.151014,247.47523,7.68212,36.78791,0.937657,0.080779,24.808672,334.227061,36.160287,0.0004,0.0007,0.3943,0.1563,0.0002,40.27,3,"['CA000E', 'CA002L', 'CA0032']",SPORADIC,20240426053939_W3Fc4,True,20240426053939,20240426053939_W3Fc4,1
20240426065735_2hiJ2,2024-04-26 06:57:35.130766,,36.203654,247.76387,5.16727,38.35712,0.957017,0.060567,19.792214,337.18453,36.213866,0.0015,0.0086,3.6899,2.0977,0.0211,113.31,2,"['US000G', 'USL00Y']",SPORADIC,20240426065735_2hiJ2,False,20240426065735,20240426065735_2hiJ2,1
20240426080141_SvPi3,2024-04-26 08:01:41.330665,,36.246959,246.89633,6.15511,37.12275,0.943095,0.077395,20.266965,334.393161,36.259858,0.0037,0.0044,3.9598,0.6489,0.0014,132.48,2,"['CA001R', 'CA002H']",SPORADIC,20240426080141_SvPi3,True,20240426080141,20240426080141_SvPi3,1
20240426174706_dAiNC,2024-04-26 17:47:06.443101,,36.642392,247.7761,8.06791,35.02836,0.919762,0.095027,22.869711,332.884655,36.64786,0.008,0.0104,1.8128,1.7392,0.0007,103.33,4,"['NZ0010', 'NZ0019', 'NZ002F', 'NZ003V']",SPORADIC,20240426174706_dAiNC,True,20240426174706,20240426174706_dAiNC,1
20240426175119_GStop,2024-04-26 17:51:19.987291,,36.645246,247.81563,7.29773,36.77625,0.938382,0.080263,23.5678,334.269312,36.655876,0.0011,0.0018,0.8745,0.345,0.0004,31.57,2,"['KR000R', 'KR000Y']",SPORADIC,20240426175119_GStop,True,20240426175119,20240426175119_GStop,1
20240426234906_41XAG,2024-04-26 23:49:06.253113,,36.886871,249.19406,6.66329,36.83661,0.943708,0.069736,23.075373,336.472434,36.896612,0.0035,0.0054,0.9739,0.9947,0.0004,42.0,2,"['BE0005', 'FR000X']",SPORADIC,20240426234906_41XAG,True,20240426234906,20240426234906_41XAG,1
20240427171637_aJ6Zy,2024-04-27 17:16:37.156423,,37.59416,247.14709,6.28576,40.90001,0.968621,0.064231,25.165012,334.507729,37.603875,0.0017,0.0009,0.9001,0.1869,0.0003,22.45,2,"['KR0008', 'KR0023']",SPORADIC,20240427171637_aJ6Zy,False,20240427171637,20240427171637_aJ6Zy,1
20240428085039_OtjIt,2024-04-28 08:50:39.287934,,38.224626,247.44106,6.57689,38.95837,0.954272,0.078313,22.658486,332.691102,38.235243,0.0013,0.0015,6.0904,2.9017,3.0341,125.35,2,"['USL008', 'USL00D']",SPORADIC,20240428085039_OtjIt,True,20240428085039,20240428085039_OtjIt,1
20240428123539_T6Djd,2024-04-28 12:35:39.041305,,38.376468,249.12514,9.06675,36.69336,0.931047,0.091928,27.624616,332.206583,38.382186,0.0008,0.001,0.5683,0.2301,0.0001,83.95,4,"['NZ0014', 'NZ002N', 'NZ003E', 'NZ003R']",SPORADIC,20240428123539_T6Djd,True,20240428123539,20240428123539_T6Djd,1
20240428132311_4Rw3t,2024-04-28 13:23:11.025151,,38.408545,248.66954,7.45229,40.12267,0.961755,0.068547,28.646442,334.269204,38.414228,0.005,0.0102,0.747,2.1469,0.0002,41.98,3,"['NZ0007', 'NZ000B', 'NZ0029']",SPORADIC,20240428132311_4Rw3t,True,20240428132311,20240428132311_4Rw3t,1
20240428132723_YoJCh,2024-04-28 13:27:23.732129,,38.411387,248.28334,7.01228,37.59801,0.943397,0.083294,22.667321,332.811834,38.419003,0.0004,0.0012,0.4843,0.2979,0.0002,55.53,3,"['NZ0009', 'NZ000M', 'NZ0020']",SPORADIC,20240428132723_YoJCh,True,20240428132723,20240428132723_YoJCh,1
20240429005404_1ywsu,2024-04-29 00:54:04.258484,,38.87473,248.39617,7.26736,37.85142,0.944263,0.085445,23.382702,332.156559,38.885586,0.0065,0.0171,1.1965,3.4566,0.0006,56.62,2,"['CZ0009', 'CZ000F']",SPORADIC,20240429005404_1ywsu,True,20240429005404,20240429005404_1ywsu,1
20240429005752_ggjMN,2024-04-29 00:57:52.405668,,38.877295,248.955,6.82947,38.17536,0.948968,0.077593,23.225692,333.565191,38.887905,0.0018,0.0013,1.6622,0.133,0.0008,69.73,9,"['UK002F', 'UK003W', 'UK005E', 'UK005G', 'UK006B', 'UK006D', 'UK00AN', 'UK00B1', 'UK00BC']",SPORADIC,20240429005752_ggjMN,True,20240429005752,20240429005752_ggjMN,1
20240429085626_mNMgb,2024-04-29 08:56:26.532962,,39.200156,250.3728,7.73614,35.26074,0.923418,0.091709,22.448489,333.273934,39.212314,0.0006,0.0011,0.9935,0.1943,0.0007,54.64,4,"['US0038', 'US0039', 'US003N', 'US003P']",SPORADIC,20240429085626_mNMgb,True,20240429085626,20240429085626_mNMgb,1
20240429152411_ReB2Q,2024-04-29 15:24:11.144332,,39.461709,248.68586,7.37346,38.13281,0.945909,0.08644,23.781006,331.709541,39.467888,0.0018,0.0069,0.8611,1.9294,0.0003,59.23,2,"['NZ0020', 'NZ003Z']",SPORADIC,20240429152411_ReB2Q,True,20240429152411,20240429152411_ReB2Q,1
20240430044813_8cTT0,2024-04-30 04:48:13.624163,,40.003979,250.34563,7.57661,35.91741,0.928006,0.092771,22.239745,332.395305,40.012189,0.0002,0.0007,0.1693,0.1777,0.0001,67.71,3,"['US002X', 'US002Y', 'US004C']",SPORADIC,20240430044813_8cTT0,True,20240430044813,20240430044813_8cTT0,1
20250422084035_9oWPk,2025-04-22 08:40:35.616978,,32.122287,244.17353,6.55631,36.21747,0.937534,0.075307,21.417188,335.745896,32.132475,0.0066,0.0044,0.4873,0.3894,0.0002,58.82,2,"['USL00P', 'USL012']",SPORADIC,20250422084035_9oWPk,False,20250422084035,20250422084035_9oWPk,1
20250424014938_M20Bz,2025-04-24 01:49:38.278059,,33.79407,243.37025,7.7783,39.55997,0.955917,0.078233,27.511945,332.483706,33.802132,0.0075,0.0014,0.8547,0.8673,0.0003,48.49,2,"['ES000U', 'PT0002']",SPORADIC,20250424014938_M20Bz,True,20250424014938,20250424014938_M20Bz,1
20250424113355_orZBq,2025-04-24 11:33:55.038422,,34.189492,245.43165,7.4806,38.2332,0.949345,0.072481,26.549929,334.867234,34.196226,0.0035,0.0048,2.1091,0.8724,0.0006,80.09,4,"['NZ0023', 'NZ002Y', 'NZ003C', 'NZ003T']",SPORADIC,20250424113355_orZBq,True,20250424113355,20250424113355_orZBq,1
20250424205212_hkMYq,2025-04-24 20:52:12.815328,,34.567261,244.21314,8.25481,37.80698,0.940874,0.08985,26.029842,331.464788,34.575917,0.0022,0.0024,0.81,0.3341,0.0003,27.26,2,"['MY000C', 'MY000E']",SPORADIC,20250424205212_hkMYq,True,20250424205212,20250424205212_hkMYq,1
20250425061734_4DlAc,2025-04-25 06:17:34.281467,,34.949737,246.99617,6.75242,36.37856,0.938579,0.074962,22.259998,335.709493,34.95791,0.0017,0.0031,0.5386,0.6435,0.0002,49.97,4,"['US0003', 'US0005', 'US0009', 'US000H']",SPORADIC,20250425061734_4DlAc,True,20250425061734,20250425061734_4DlAc,1
20250425063625_FffqS,2025-04-25 06:36:25.323411,,34.96249,246.20797,7.6561,37.63267,0.944243,0.076598,26.017021,334.450663,34.969191,0.0003,0.0004,0.1844,0.0745,0.0001,28.23,2,"['US0020', 'USL015']",SPORADIC,20250425063625_FffqS,True,20250425063625,20250425063625_FffqS,1
20250425092149_UkyHc,2025-04-25 09:21:49.672478,,35.074376,244.99671,7.86709,39.56823,0.956196,0.076141,28.280711,332.988185,35.082517,0.0027,0.0028,1.2263,0.9837,0.0004,55.52,4,"['USL00X', 'USL011', 'USL012', 'USL01E']",SPORADIC,20250425092149_UkyHc,True,20250425092149,20250425092149_UkyHc,1
20250425094115_SdkSh,2025-04-25 09:41:15.935675,,35.087524,247.80932,7.91591,36.62078,0.93879,0.073881,26.737782,335.990369,35.09652,0.0017,0.0018,1.1743,0.3012,0.0004,41.28,3,"['US000J', 'USL004', 'USL01C']",SPORADIC,20250425094115_SdkSh,True,20250425094115,20250425094115_SdkSh,1
20250425135239_dV5qL,2025-04-25 13:52:39.782124,,35.257565,246.97368,8.05449,36.12586,0.931409,0.084121,25.088404,334.184009,35.263744,0.0013,0.0025,1.0433,0.5048,0.0004,22.84,2,"['NZ000L', 'NZ0029']",SPORADIC,20250425135239_dV5qL,True,20250425135239,20250425135239_dV5qL,1
20250425150758_nITBy,2025-04-25 15:07:58.556648,,35.308503,246.81247,8.74096,39.2947,0.953653,0.071506,32.648863,334.548935,35.313702,0.0025,0.0061,2.0151,1.4918,0.0004,36.7,2,"['KR000P', 'KR002R']",SPORADIC,20250425150758_nITBy,True,20250425150758,20250425150758_nITBy,1
20250425161753_ymV3h,2025-04-25 16:17:53.184268,,35.355786,245.32404,5.31669,37.36042,0.945136,0.078372,17.41785,333.851404,35.363961,0.0044,0.0056,0.6675,0.9462,0.0005,53.61,4,"['NZ0007', 'NZ000B', 'NZ000K', 'NZ002T']",SPORADIC,20250425161753_ymV3h,False,20250425161753,20250425161753_ymV3h,1
20250425180022_rDtvm,2025-04-25 18:00:22.160532,,35.425096,244.4857,5.58481,39.4185,0.959188,0.073441,19.96595,333.302403,35.431376,0.0019,0.003,1.0763,0.5772,0.0005,31.25,2,"['AU0010', 'AU001X']",SPORADIC,20250425180022_rDtvm,False,20250425180022,20250425180022_rDtvm,1
20250426152659_6Gcpz,2025-04-26 15:26:59.040343,,36.29505,246.45025,6.33271,37.62138,0.945564,0.078801,20.972475,333.687584,36.301402,0.0042,0.007,0.661,1.3799,0.0003,102.08,5,"['NZ0013', 'NZ001X', 'NZ003U', 'NZ004E', 'NZ004Y']",SPORADIC,20250426152659_6Gcpz,True,20250426152659,20250426152659_6Gcpz,1
20250426173420_ZzVsy,2025-04-26 17:34:20.079968,,36.381138,246.1505,5.10104,39.33718,0.96052,0.067104,19.004073,334.815016,36.387717,0.0015,0.0021,1.4462,0.3919,0.0008,76.32,7,"['NZ0012', 'NZ0018', 'NZ001V', 'NZ0026', 'NZ002C', 'NZ0047', 'NZ004D']",SPORADIC,20250426173420_ZzVsy,False,20250426173420,20250426173420_ZzVsy,1
20250426232357_GNe2H,2025-04-26 23:23:57.251683,,36.617458,247.4874,8.26014,37.09791,0.937301,0.085041,26.327681,333.148277,36.625713,0.0043,0.0049,1.1965,0.7523,0.0005,57.74,2,"['CZ000A', 'CZ000P']",SPORADIC,20250426232357_GNe2H,True,20250426232357,20250426232357_GNe2H,1
20250427101726_SpGVY,2025-04-27 10:17:26.794108,,37.059102,247.50799,8.28176,37.43939,0.93932,0.086115,26.471852,332.610027,37.067345,0.0013,0.0031,2.142,0.6387,0.0008,28.2,2,"['NZ000L', 'NZ000V']",SPORADIC,20250427101726_SpGVY,True,20250427101726,20250427101726_SpGVY,1
20250427111229_2riz9,2025-04-27 11:12:29.026367,,37.096292,247.98083,6.79274,38.13158,0.950021,0.072412,23.915558,334.806302,37.106945,0.01,0.0035,5.1331,0.4708,0.0015,131.58,2,"['US000S', 'US0027']",SPORADIC,20250427111229_2riz9,True,20250427111229,20250427111229_2riz9,1
20250427143535_kHfIE,2025-04-27 14:35:35.114966,,37.233529,247.77745,7.29738,37.31953,0.94146,0.081645,23.716162,333.489939,37.23963,0.0006,0.0007,0.4448,0.239,0.0001,54.19,8,"['NZ000D', 'NZ000M', 'NZ000N', 'NZ0011', 'NZ001Z', 'NZ0020', 'NZ002E', 'NZ003Z']",SPORADIC,20250427143535_kHfIE,True,20250427143535,20250427143535_kHfIE,1
20250427163849_iIo6c,2025-04-27 16:38:49.572867,,37.316799,247.3671,7.88729,36.63561,0.932716,0.092072,23.741852,331.951227,37.323021,0.004,0.0056,0.3791,0.852,0.0001,19.12,2,"['AU002C', 'AU003J']",SPORADIC,20250427163849_iIo6c,True,20250427163849,20250427163849_iIo6c,1
20250427205741_U5cuV,2025-04-27 20:57:41.073656,,37.491689,246.67141,6.35984,40.58039,0.966128,0.069043,24.342368,333.564926,37.495166,0.0008,0.003,1.4545,0.6636,0.0004,70.12,3,"['AU000A', 'AU000C', 'AU001A']",SPORADIC,20250427205741_U5cuV,False,20250427205741,20250427205741_U5cuV,1
20250428020357_dwsno,2025-04-28 02:03:57.517293,,37.698592,248.21474,7.4495,38.33222,0.949177,0.076587,25.755898,333.799151,37.708038,0.0003,0.0008,0.2717,0.1726,0.0001,30.68,2,"['ES0004', 'ES000D']",SPORADIC,20250428020357_dwsno,True,20250428020357,20250428020357_dwsno,1
20250428021707_CJzTI,2025-04-28 02:17:07.207075,,37.707483,248.16323,6.20393,35.3517,0.926364,0.090963,17.954859,333.061313,37.721563,0.0021,0.0044,1.6854,0.9732,0.0015,150.4,4,"['UK0025', 'UK008Q', 'UK00A2', 'UK00AB']",SPORADIC,20250428021707_CJzTI,True,20250428021707,20250428021707_CJzTI,1
20250428022950_dNshR,2025-04-28 02:29:50.705046,,37.716079,247.71352,6.94796,39.0362,0.954968,0.074077,24.781834,333.69481,37.726199,0.0025,0.0033,2.278,0.5509,0.0009,56.41,10,"['UK000F', 'UK003N', 'UK0045', 'UK005P', 'UK006U', 'UK0079', 'UK008T', 'UK00AF', 'UK00AK', 'UK00CA']",SPORADIC,20250428022950_dNshR,True,20250428022950,20250428022950_dNshR,1
20250428034614_PK2wc,2025-04-28 03:46:14.110521,,37.76768,248.83584,7.34708,38.93427,0.954867,0.069078,27.244506,335.060256,37.770696,0.0017,0.0034,0.5804,0.8456,0.0001,62.08,2,"['ZA0001', 'ZA000C']",SPORADIC,20250428034614_PK2wc,True,20250428034614,20250428034614_PK2wc,1
20250428060958_F0cK2,2025-04-28 06:09:58.193094,,37.864768,248.59281,7.48153,38.60749,0.951555,0.073733,26.596796,334.242981,37.873164,0.0027,0.0041,0.2718,0.7352,0.0001,58.71,2,"['US002D', 'US0035']",SPORADIC,20250428060958_F0cK2,True,20250428060958,20250428060958_F0cK2,1
20250428063243_XL5xF,2025-04-28 06:32:43.528436,,37.880139,248.10474,7.43963,38.30469,0.948516,0.078737,25.32748,333.323063,37.889123,0.0112,0.0036,0.9917,2.1393,0.0004,48.79,3,"['US003P', 'US003Q', 'US005Q']",SPORADIC,20250428063243_XL5xF,True,20250428063243,20250428063243_XL5xF,1
20250428074446_zrXLC,2025-04-28 07:44:46.859322,,37.928809,248.31393,7.35276,37.95809,0.946296,0.079202,24.709376,333.493819,37.937477,0.0007,0.0011,1.0972,0.2205,0.0004,119.45,10,"['US0002', 'US0004', 'US0008', 'US0009', 'US000C', 'US000E', 'US000H', 'US000K', 'US000M', 'US000N']",SPORADIC,20250428074446_zrXLC,True,20250428074446,20250428074446_zrXLC,1
20250428090835_cw9ZX,2025-04-28 09:08:35.403360,,37.985414,249.09702,6.52067,40.74916,0.968715,0.05608,28.065871,336.786011,37.993617,0.0013,0.001,0.5299,0.1271,0.0002,36.96,2,"['US000U', 'USL002']",SPORADIC,20250428090835_cw9ZX,False,20250428090835,20250428090835_cw9ZX,1
20250428165803_A6kVU,2025-04-28 16:58:03.660431,,38.302471,247.86042,6.75169,38.99637,0.954592,0.076556,23.608215,333.104884,38.306647,0.0032,0.0071,4.1078,1.3954,0.0026,76.68,3,"['NZ0016', 'NZ0033', 'NZ003W']",SPORADIC,20250428165803_A6kVU,True,20250428165803,20250428165803_A6kVU,1
20250428193144_cKN3Y,2025-04-28 19:31:44.672335,,38.406249,249.18877,6.96784,35.65278,0.928233,0.089164,20.635153,333.288125,38.418898,0.0004,0.0004,0.379,0.0626,0.0002,20.94,2,"['KR0004', 'KR001P']",SPORADIC,20250428193144_cKN3Y,True,20250428193144,20250428193144_cKN3Y,1
20250428203753_lOpUS,2025-04-28 20:37:53.602769,,38.450916,248.96751,7.48647,39.01224,0.954249,0.072955,27.059752,334.095587,38.453876,0.0008,0.0015,0.3786,0.3178,0.0001,49.2,2,"['AU0002', 'AU001P']",SPORADIC,20250428203753_lOpUS,True,20250428203753,20250428203753_lOpUS,1
20250428210251_DH03w,2025-04-28 21:02:51.181087,,38.467769,249.3839,5.11997,38.00179,0.953094,0.06691,18.47687,335.919208,38.478293,0.0018,0.0023,2.6447,0.403,0.0022,31.67,2,"['ZA0002', 'ZA0007']",SPORADIC,20250428210251_DH03w,False,20250428210251,20250428210251_DH03w,1
20250429000859_nvMNR,2025-04-29 00:08:59.537005,,38.593452,248.25806,6.77435,41.26527,0.970057,0.063984,27.595191,334.390224,38.601426,0.0008,0.0017,1.5688,0.407,0.0006,48.27,4,"['BE0001', 'FR0006', 'FR000G', 'FR0011']",SPORADIC,20250429000859_nvMNR,False,20250429000859,20250429000859_nvMNR,1
20250429001847_zeGx1,2025-04-29 00:18:47.527942,,38.600068,248.16738,6.7139,39.00217,0.954759,0.076294,23.510748,333.148634,38.610955,0.0025,0.0023,0.8391,0.2882,0.0004,44.17,2,"['RU0001', 'RU0003']",SPORADIC,20250429001847_zeGx1,True,20250429001847,20250429001847_zeGx1,1
20250429044016_joqKV,2025-04-29 04:40:16.566963,,38.776609,249.80255,6.94097,37.43023,0.944592,0.076012,23.426706,334.583115,38.782737,0.0021,0.0028,0.1817,0.4962,0.0001,49.29,3,"['USL00F', 'USL00L', 'USL00M']",SPORADIC,20250429044016_joqKV,True,20250429044016,20250429044016_joqKV,1
20250429051626_jzOa5,2025-04-29 05:16:26.641051,,38.801026,249.17562,7.44437,37.31712,0.940846,0.083404,23.961887,333.122315,38.805354,0.0006,0.0012,0.632,0.2334,0.0001,33.18,2,"['BR000T', 'BR0029']",SPORADIC,20250429051626_jzOa5,True,20250429051626,20250429051626_jzOa5,1
20250429061607_ELNc5,2025-04-29 06:16:07.129093,,38.841312,248.63566,8.76458,38.53481,0.94603,0.087002,28.834243,331.55553,38.846884,0.0116,0.0065,2.2362,1.4724,0.0007,60.03,2,"['US0022', 'US005C']",SPORADIC,20250429061607_ELNc5,True,20250429061607,20250429061607_ELNc5,1
20250429071025_Ubm6T,2025-04-29 07:10:25.296535,,38.87797,248.52524,7.24587,36.58472,0.933421,0.092569,21.630488,331.748128,38.882274,0.0008,0.0017,1.0001,0.3972,0.0003,48.19,2,"['BR001T', 'BR001U']",SPORADIC,20250429071025_Ubm6T,True,20250429071025,20250429071025_Ubm6T,1
20250429205604_CzV3z,2025-04-29 20:56:04.787154,,39.435264,249.95333,7.39908,37.64408,0.944058,0.080171,24.521856,333.546007,39.439128,0.0025,0.0016,1.0294,0.1922,0.0003,43.92,2,"['AU001E', 'AU003E']",SPORADIC,20250429205604_CzV3z,True,20250429205604,20250429205604_CzV3z;20250429205604_gpO44,2
20250429214658_ayS3e,2025-04-29 21:46:58.908387,,39.469616,249.44524,7.14044,38.2375,0.948542,0.079461,24.093444,333.140586,39.476614,0.0038,0.0053,0.1857,0.8616,0.0001,51.96,2,"['ES000D', 'ES000F']",SPORADIC,20250429214658_ayS3e,True,20250429214658,20250429214658_ayS3e,1
20250429224526_DzIb1,2025-04-29 22:45:26.427644,,39.509065,249.84474,6.78304,37.19999,0.941657,0.081618,21.898801,333.481002,39.520191,0.0016,0.0022,0.7985,0.3627,0.0004,30.39,2,"['RU0008', 'RU000M']",SPORADIC,20250429224526_DzIb1,True,20250429224526,20250429224526_DzIb1,1
20250430131258_jtDGE,2025-04-30 13:12:58.530626,,40.094408,248.54732,6.14934,38.24347,0.948618,0.086909,19.659533,331.265159,40.105602,0.0018,0.0012,1.4786,0.2178,0.0012,25.31,2,"['AU000X', 'AU003H']",SPORADIC,20250430131258_jtDGE,False,20250430131258,20250430131258_jtDGE,1
20250430173153_WJqAL,2025-04-30 17:31:53.707396,,40.269068,250.0899,7.26647,37.80229,0.944508,0.083634,23.628056,332.59552,40.2746,,,,,,27.51,2,"['AU000D', 'AU001W']",SPORADIC,20250430173153_WJqAL,True,20250430173153,20250430173153_WJqAL;20250430173153_i3o5H,2
20260423081317_HwJhZ,2026-04-23 08:13:17.028561,,32.831808,244.60375,7.47645,36.78708,0.93909,0.077222,24.656486,334.984663,32.84162,0.0006,0.0008,0.5518,0.1443,0.0002,28.88,3,"['US0038', 'US003N', 'US003P']",SPORADIC,20260423081317_HwJhZ,False,20260423081317,20260423081317_HwJhZ,1
20260423090428_FqLEh,2026-04-23 09:04:28.880014,,32.866471,242.59423,7.02957,38.21529,0.947758,0.081184,23.372729,332.764164,32.869463,0.0013,0.0093,2.5886,2.0121,0.0011,27.22,2,"['CL0002', 'CL0003']",SPORADIC,20260423090428_FqLEh,False,20260423090428,20260423090428_FqLEh,1
20260423093825_J1t2A,2026-04-23 09:38:25.257945,,32.88945,242.55043,7.14922,36.18102,0.929456,0.094979,20.777425,331.607186,32.899465,0.001,0.0042,0.629,0.8969,0.0003,77.14,9,"['NZ0017', 'NZ001H', 'NZ001P', 'NZ001R', 'NZ0024', 'NZ002H', 'NZ003H', 'NZ005A', 'NZ005E']",SPORADIC,20260423093825_J1t2A,False,20260423093825,20260423093825_J1t2A,1
20260423112020_GxTOg,2026-04-23 11:20:20.186998,,32.95845,242.47275,7.14917,37.10128,0.937626,0.090115,21.879654,331.789724,32.969759,0.0015,0.0021,0.8191,0.5145,0.0004,58.97,3,"['US005D', 'US005Z', 'USL00F']",SPORADIC,20260423112020_GxTOg,True,20260423112020,20260423112020_GxTOg,1
20260423142339_wsoeG,2026-04-23 14:23:39.982494,,33.082562,243.05919,6.59508,39.90538,0.961661,0.068129,25.013041,334.367551,33.09014,0.0044,0.0053,2.1675,0.8417,0.0006,30.8,2,"['AU001E', 'AU0029']",SPORADIC,20260423142339_wsoeG,True,20260423142339,20260423142339_wsoeG,1
20260423230853_2qTxc,2026-04-23 23:08:53.741154,,33.43808,244.622,7.8008,40.04975,0.961123,0.064974,30.911154,335.306465,33.444826,0.0042,0.0089,2.5661,2.1691,0.0009,56.89,2,"['IL0002', 'IL000A']",SPORADIC,20260423230853_2qTxc,True,20260423230853,20260423230853_2qTxc,1
20260424040653_LVu2H,2026-04-24 04:06:53.597421,,33.639754,244.3013,5.7368,38.1369,0.952017,0.069964,20.360919,335.188552,33.644477,0.0016,0.0026,0.5917,0.5012,0.0002,47.41,2,"['ZA0002', 'ZA000C']",SPORADIC,20260424040653_LVu2H,False,20260424040653,20260424040653_LVu2H,1
20260424073930_kI1bi,2026-04-24 07:39:30.862886,,33.783632,243.88021,5.73388,37.31393,0.944201,0.079016,18.709793,333.795831,33.79439,0.0018,0.0014,0.4595,0.2533,0.0003,55.81,2,"['US005E', 'USL00E']",SPORADIC,20260424073930_kI1bi,False,20260424073930,20260424073930_kI1bi,1
20260424143443_ptiZ9,2026-04-24 14:34:43.631963,,34.064564,244.27296,7.01732,39.46463,0.95802,0.070605,25.941976,334.194649,34.071687,0.0008,0.0086,0.7326,2.0143,0.0002,26.82,2,"['AU000A', 'AU001A']",SPORADIC,20260424143443_ptiZ9,True,20260424143443,20260424143443_ptiZ9,1
20260424145224_Vtxm5,2026-04-24 14:52:24.369118,,34.076524,245.88221,7.20327,37.3715,0.944907,0.07227,24.940889,335.553117,34.081513,0.0098,0.0162,1.6206,2.734,0.0006,48.14,2,"['NZ001X', 'NZ0061']",SPORADIC,20260424145224_Vtxm5,True,20260424145224,20260424145224_Vtxm5,1
20260424154005_VBDZx,2026-04-24 15:40:05.794354,,34.108788,244.83399,5.40679,38.21142,0.953456,0.06795,19.470356,335.550382,34.117263,0.0008,0.0009,0.3792,0.1591,0.0002,36.15,2,"['AU001A', 'AU001X']",SPORADIC,20260424154005_VBDZx,False,20260424154005,20260424154005_VBDZx,1
20260424180050_q8DQq,2026-04-24 18:00:50.262451,,34.203999,245.30157,7.45132,35.51842,0.926185,0.089697,21.955486,333.401342,34.209012,0.0006,0.0009,0.2191,0.179,0.0001,31.72,6,"['NZ0004', 'NZ001Q', 'NZ003B', 'NZ003C', 'NZ004H', 'NZ005G']",SPORADIC,20260424180050_q8DQq,True,20260424180050,20260424180050_q8DQq,1
20260424223030_nBaPm,2026-04-24 22:30:30.361292,,34.386412,244.68867,6.89818,41.19776,0.969626,0.060726,28.861258,335.316346,34.392643,0.0004,0.0007,0.4427,0.1318,0.0001,34.76,9,"['BE000K', 'BE000L', 'BE000M', 'BE000Q', 'BE0017', 'FR000Y', 'NL000K', 'NL000N', 'NL000Z']",SPORADIC,20260424223030_nBaPm,False,20260424223030,20260424223030_nBaPm,1
20260425113533_Atn2T,2026-04-25 11:35:33.777416,,34.917334,245.39223,8.10064,36.26493,0.92959,0.092121,24.143179,332.323682,34.924544,0.0057,0.0078,0.9347,1.3021,0.0003,53.74,5,"['NZ0014', 'NZ003K', 'NZ004N', 'NZ005B', 'NZ005R']",SPORADIC,20260425113533_Atn2T,True,20260425113533,20260425113533_Atn2T,1
20260425154634_O1MYq,2026-04-25 15:46:34.953579,,35.087058,245.4254,6.00457,37.39994,0.944995,0.077499,19.876284,334.102669,35.093852,0.001,0.0015,0.6183,0.3108,0.0003,68.46,6,"['NZ000H', 'NZ0010', 'NZ0021', 'NZ002F', 'NZ003V', 'NZ003Z']",SPORADIC,20260425154634_O1MYq,True,20260425154634,20260425154634_O1MYq,1
20260425164649_nWPDm,2026-04-25 16:46:49.116152,,35.127783,244.83675,7.58132,38.25752,0.946865,0.083289,25.025001,332.353538,35.133419,0.0029,0.0042,0.717,0.7385,0.0002,66.71,5,"['AU001C', 'AU001D', 'AU0029', 'AU002C', 'AU0030']",SPORADIC,20260425164649_nWPDm,True,20260425164649,20260425164649_nWPDm,1
20260425201637_iaCea,2026-04-25 20:16:37.010458,,35.269617,246.51963,7.95084,36.66765,0.935565,0.083334,25.229436,333.825471,35.273069,0.002,0.0032,0.4372,0.5952,0.0001,52.61,2,"['AU0002', 'AU0030']",SPORADIC,20260425201637_iaCea,True,20260425201637,20260425201637_iaCea;20260425201637_w7ZcL,2
20260426105134_2zfJr,2026-04-26 10:51:34.584449,,35.861002,246.50026,7.89324,36.69419,0.9346,0.087206,24.46236,332.936903,35.868946,0.0027,0.0026,1.6862,0.4609,0.0007,79.72,5,"['NZ001G', 'NZ001S', 'NZ002Q', 'NZ002Z', 'NZ004U']",SPORADIC,20260426105134_2zfJr,True,20260426105134,20260426105134_2zfJr,1
20260426123712_IQJc2,2026-04-26 12:37:12.173650,,35.93238,246.67045,7.08697,35.81465,0.929265,0.088728,21.128338,333.249811,35.939996,0.0012,0.0036,0.8564,0.934,0.0003,41.57,5,"['NZ002Q', 'NZ002V', 'NZ003Q', 'NZ004U', 'NZ006P']",SPORADIC,20260426123712_IQJc2,True,20260426123712,20260426123712_IQJc2,1
20260426161234_5oUVf,2026-04-26 16:12:34.188292,,36.077907,247.83881,7.72182,35.99329,0.931785,0.082879,24.078927,334.474783,36.083209,0.0103,0.0039,4.2023,2.1661,0.0008,89.07,4,"['AU000Q', 'AU000R', 'AU000S', 'AU004L']",SPORADIC,20260426161234_5oUVf,True,20260426161234,20260426161234_5oUVf,1
20260427002038_2awRc,2026-04-27 00:20:38.393886,,36.407657,247.88162,6.79759,38.67146,0.95528,0.065297,25.618085,336.0554,36.416176,0.0043,0.0059,0.4619,1.0297,0.0002,39.76,2,"['IE000N', 'UK007A']",SPORADIC,20260427002038_2awRc,True,20260427002038,20260427002038_2awRc,1
20260427005152_XcXA9,2026-04-27 00:51:52.828217,,36.428761,245.94509,7.20571,41.68654,0.971648,0.064908,29.562517,333.926916,36.437225,0.0004,0.0008,0.2453,0.1556,0.0001,80.0,4,"['RO000H', 'RO000R', 'RO000V', 'RO0010']",SPORADIC,20260427005152_XcXA9,False,20260427005152,20260427005152_XcXA9,1
20260427082812_S5Uw9,2026-04-27 08:28:12.075647,,36.736997,248.55147,8.81694,35.84283,0.926831,0.088389,26.710063,333.675864,36.745638,0.0009,0.0016,0.5917,0.3013,0.0002,82.17,12,"['US0001', 'US0003', 'US0004', 'US0006', 'US0007', 'US0008', 'US000C', 'US000H', 'US000J', 'US000L', 'US005W', 'US006L']",SPORADIC,20260427082812_S5Uw9,False,20260427082812,20260427082812_S5Uw9,1
20260427091445_S1TLS,2026-04-27 09:14:45.862425,,36.768446,246.3385,6.79179,37.15313,0.939528,0.087526,21.098121,332.220146,36.780216,0.0025,0.0028,1.0941,0.4178,0.0005,95.99,5,"['US000C', 'US000H', 'US000M', 'US000N', 'US0030']",SPORADIC,20260427091445_S1TLS,True,20260427091445,20260427091445_S1TLS,1
20260427110209_aObez,2026-04-27 11:02:09.420112,,36.840979,248.18603,8.05816,37.14076,0.939592,0.080239,26.458788,334.111802,36.851036,0.0003,0.0007,0.586,0.1578,0.0002,83.01,5,"['US000C', 'US000E', 'US000M', 'US000N', 'US006L']",SPORADIC,20260427110209_aObez,True,20260427110209,20260427110209_aObez;20260427110209_noz5v,2
20260427140245_Jbgsi,2026-04-27 14:02:45.137440,,36.962943,247.41674,6.97745,37.96354,0.947577,0.076835,23.734729,333.943637,36.968438,0.0011,0.0017,1.1785,0.3094,0.0003,55.2,6,"['NZ001G', 'NZ003E', 'NZ003N', 'NZ004J', 'NZ005A', 'NZ006L']",SPORADIC,20260427140245_Jbgsi,True,20260427140245,20260427140245_Jbgsi,1
20260427150313_EN3Yw,2026-04-27 15:03:13.673180,,37.003783,244.9885,6.58454,38.10389,0.945806,0.09312,20.275516,330.098371,37.0106,0.0025,0.0037,2.2116,0.6222,0.0009,66.45,4,"['NZ001Q', 'NZ0023', 'NZ002D', 'NZ003B']",SPORADIC,20260427150313_EN3Yw,False,20260427150313,20260427150313_EN3Yw,1
20260427172836_yX2rI,2026-04-27 17:28:36.387284,,37.101956,248.27865,6.88841,37.53124,0.945918,0.073983,23.612971,334.946515,37.106456,0.0007,0.0015,0.3817,0.307,0.0001,30.34,2,"['NZ001S', 'NZ005F']",SPORADIC,20260427172836_yX2rI,True,20260427172836,20260427172836_yX2rI,1
20260427172853_V3jRd,2026-04-27 17:28:53.250560,,37.102146,248.45121,6.94191,37.20834,0.943572,0.074937,23.444483,335.01155,37.106919,0.0005,0.0009,0.5674,0.1889,0.0002,43.93,7,"['NZ0017', 'NZ001J', 'NZ001S', 'NZ0024', 'NZ002J', 'NZ002L', 'NZ006M']",SPORADIC,20260427172853_V3jRd,True,20260427172853,20260427172853_V3jRd,1
20260427233017_ZB8Um,2026-04-27 23:30:17.311098,,37.346172,247.51823,6.92104,38.18236,0.948961,0.0773,23.590727,333.635309,37.356322,0.0003,0.0012,0.3457,0.3209,0.0002,61.93,4,"['HU000C', 'RO0002', 'RO0007', 'RO000C']",SPORADIC,20260427233017_ZB8Um,True,20260427233017,20260427233017_ZB8Um,1
20260427234146_xo1vL,2026-04-27 23:41:46.708968,,37.35393,248.02075,7.18042,38.39145,0.950783,0.073747,25.286643,334.338586,37.363391,0.0012,0.0022,0.4296,0.4419,0.0002,83.58,6,"['CZ000C', 'CZ000Q', 'CZ000R', 'RO0002', 'RO0003', 'SK0006']",SPORADIC,20260427234146_xo1vL,True,20260427234146,20260427234146_xo1vL,1
20260428010436_aoUBc,2026-04-28 01:04:36.087123,,37.409847,247.62925,7.68781,38.31631,0.948057,0.079566,26.07822,333.162866,37.419097,0.0035,0.0031,1.8237,0.415,0.0009,69.68,3,"['UK003X', 'UK00A4', 'UK00B1']",SPORADIC,20260428010436_aoUBc,True,20260428010436,20260428010436_aoUBc,1
20260428020516_p8Fz4,2026-04-28 02:05:16.809681,,37.450814,246.73693,7.82324,38.80579,0.950253,0.084232,26.106662,331.706676,37.460923,0.0008,0.0039,0.5671,0.9368,0.0003,69.79,5,"['CZ0008', 'CZ000K', 'DE0016', 'SK0003', 'SK0004']",SPORADIC,20260428020516_p8Fz4,True,20260428020516,20260428020516_p8Fz4,1
20260428155051_Lzxyt,2026-04-28 15:50:51.167236,,38.008093,248.86851,7.35681,38.73318,0.953235,0.071274,26.676508,334.681881,38.012074,0.0015,0.002,1.862,0.3461,0.0006,52.62,3,"['NZ0033', 'NZ003W', 'NZ005F']",SPORADIC,20260428155051_Lzxyt,True,20260428155051,20260428155051_Lzxyt,1
20260429073857_2MQ6I,2026-04-29 07:38:57.731946,,38.647866,248.57257,7.77074,38.5194,0.949059,0.080831,26.30854,332.715331,38.657923,0.0002,0.0006,0.7195,0.1509,0.0003,48.93,2,"['NZ005C', 'NZ005T']",SPORADIC,20260429073857_2MQ6I,True,20260429073857,20260429073857_2MQ6I;20260429073857_EbHdf,2
20260429082223_258vb,2026-04-29 08:22:23.251871,,38.677163,251.64713,6.89172,37.43861,0.949675,0.062911,25.671462,337.61685,38.687831,0.0006,0.0009,0.594,0.1825,0.0003,58.31,2,"['CA002V', 'CA003E']",SPORADIC,20260429082223_258vb,True,20260429082223,20260429082223_258vb,1
20260429152208_hS3bh,2026-04-29 15:22:08.023615,,38.960325,249.12886,7.73965,37.2181,0.938932,0.086463,24.428843,332.58232,38.965518,0.0008,0.0012,0.6494,0.2161,0.0002,78.99,6,"['NZ001J', 'NZ0037', 'NZ003H', 'NZ005D', 'NZ005Z', 'NZ006M']",SPORADIC,20260429152208_hS3bh,True,20260429152208,20260429152208_hS3bh;20260429152208_vzwjo,2
20260429171643_xGAc2,2026-04-29 17:16:43.185640,,39.037616,249.33281,8.14965,39.37993,0.954985,0.075435,29.415672,333.346869,39.041384,0.0016,0.0014,3.7361,0.181,0.0011,93.62,3,"['NZ0012', 'NZ004F', 'NZ007B']",SPORADIC,20260429171643_xGAc2,True,20260429171643,20260429171643_xGAc2,1
20260430105609_U9pQ2,2026-04-30 10:56:09.463344,,39.752085,249.94177,9.18781,36.12714,0.9245,0.099975,26.385642,331.041527,39.759807,0.0035,0.0049,0.7097,0.8267,0.0002,46.6,3,"['NZ003H', 'NZ003W', 'NZ004J']",SPORADIC,20260430105609_U9pQ2,False,20260430105609,20260430105609_U9pQ2,1
20260430124302_Q3Sy7,2026-04-30 12:43:02.433106,,39.82415,251.69696,7.73132,34.83931,0.921692,0.089357,22.468649,334.148022,39.831927,0.0037,0.0023,1.4374,0.3307,0.0005,77.98,4,"['NZ002K', 'NZ002P', 'NZ004B', 'NZ004L']",SPORADIC,20260430124302_Q3Sy7,True,20260430124302,20260430124302_Q3Sy7,1
