delta_left_deg,delta_right_deg,delta_center_deg,solar_longitude_center_deg,stream_count,background_count,exposure_sufficient,fraction_mean,rate_per_1000_background,rate_low,rate_high,by_year,posterior_probability_above_baseline,excess_rate_per_1000_background
-18.0,-17.5,-17.75,19.151963000000002,1,853,True,0.0017543859649122807,1.7574692442882252,0.1263888348346483,5.489922763281362,"{""2022"": {""background"": 84, ""stream"": 0}, ""2023"": {""background"": 42, ""stream"": 0}, ""2024"": {""background"": 194, ""stream"": 1}, ""2025"": {""background"": 192, ""stream"": 0}, ""2026"": {""background"": 341, ""stream"": 0}}",0.43407773962153295,0.1536103356358285
-17.5,-17.0,-17.25,19.651963000000002,3,872,True,0.003995433789954338,4.011461318051576,0.9674894118390458,9.205368161499434,"{""2022"": {""background"": 46, ""stream"": 0}, ""2023"": {""background"": 95, ""stream"": 0}, ""2024"": {""background"": 151, ""stream"": 0}, ""2025"": {""background"": 309, ""stream"": 1}, ""2026"": {""background"": 271, ""stream"": 2}}",0.9028242866041478,2.4076024093991792
-17.0,-16.5,-16.75,20.151963000000002,2,790,True,0.0031525851197982345,3.1625553447185326,0.525390378931622,8.141981130892628,"{""2022"": {""background"": 66, ""stream"": 1}, ""2023"": {""background"": 48, ""stream"": 0}, ""2024"": {""background"": 299, ""stream"": 0}, ""2025"": {""background"": 141, ""stream"": 0}, ""2026"": {""background"": 236, ""stream"": 1}}",0.7710529812074607,1.558696436066136
-16.5,-16.0,-16.25,20.651963000000002,1,812,True,0.0018427518427518428,1.8461538461538463,0.13276507234414886,5.7676647887579096,"{""2022"": {""background"": 56, ""stream"": 0}, ""2023"": {""background"": 171, ""stream"": 0}, ""2024"": {""background"": 145, ""stream"": 0}, ""2025"": {""background"": 256, ""stream"": 0}, ""2026"": {""background"": 184, ""stream"": 1}}",0.4566164768036225,0.2422949375014496
-16.0,-15.5,-15.75,21.151963000000002,3,557,True,0.006238859180035651,6.278026905829597,1.513333818718169,14.432309803171554,"{""2022"": {""background"": 62, ""stream"": 0}, ""2023"": {""background"": 34, ""stream"": 0}, ""2024"": {""background"": 176, ""stream"": 2}, ""2025"": {""background"": 128, ""stream"": 0}, ""2026"": {""background"": 157, ""stream"": 1}}",0.9705036976179949,4.6741679971772
-15.5,-15.0,-15.25,21.651963000000002,4,716,True,0.0062413314840499305,6.28053035589672,1.881611193664445,13.330568306483878,"{""2022"": {""background"": 42, ""stream"": 2}, ""2023"": {""background"": 118, ""stream"": 0}, ""2024"": {""background"": 150, ""stream"": 0}, ""2025"": {""background"": 118, ""stream"": 1}, ""2026"": {""background"": 288, ""stream"": 1}}",0.9857410969791588,4.676671447244323
-15.0,-14.5,-14.75,22.151963000000002,1,781,True,0.0019157088122605363,1.9193857965451055,0.13803018522466592,5.9970639274649145,"{""2022"": {""background"": 12, ""stream"": 0}, ""2023"": {""background"": 63, ""stream"": 0}, ""2024"": {""background"": 202, ""stream"": 0}, ""2025"": {""background"": 127, ""stream"": 0}, ""2026"": {""background"": 377, ""stream"": 1}}",0.47427550643840466,0.3155268878927089
-14.5,-14.0,-14.25,22.651963000000002,2,606,True,0.004105090311986864,4.122011541632316,0.6846411475466078,10.622114291642601,"{""2022"": {""background"": 27, ""stream"": 0}, ""2023"": {""background"": 104, ""stream"": 1}, ""2024"": {""background"": 201, ""stream"": 0}, ""2025"": {""background"": 115, ""stream"": 1}, ""2026"": {""background"": 159, ""stream"": 0}}",0.8565210826044628,2.5181526329799198
-14.0,-13.5,-13.75,23.151963000000002,0,649,True,0.0007692307692307692,0.7698229407236336,0.0007563106782594473,3.876485499536151,"{""2022"": {""background"": 38, ""stream"": 0}, ""2023"": {""background"": 51, ""stream"": 0}, ""2024"": {""background"": 142, ""stream"": 0}, ""2025"": {""background"": 40, ""stream"": 0}, ""2026"": {""background"": 378, ""stream"": 0}}",0.14914803629584675,0.0
-13.5,-13.0,-13.25,23.651963000000002,5,729,True,0.007482993197278911,7.539410555174777,2.610685477282833,15.090649335556082,"{""2022"": {""background"": 38, ""stream"": 0}, ""2023"": {""background"": 138, ""stream"": 1}, ""2024"": {""background"": 214, ""stream"": 2}, ""2025"": {""background"": 87, ""stream"": 0}, ""2026"": {""background"": 252, ""stream"": 2}}",0.9968677245702254,5.935551646522381
-13.0,-12.5,-12.75,24.151963000000002,0,763,True,0.0006544502617801048,0.6548788474132287,0.0006433471211150383,3.2965356260023584,"{""2022"": {""background"": 27, ""stream"": 0}, ""2023"": {""background"": 101, ""stream"": 0}, ""2024"": {""background"": 203, ""stream"": 0}, ""2025"": {""background"": 91, ""stream"": 0}, ""2026"": {""background"": 341, ""stream"": 0}}",0.11780003153394512,0.0
-12.5,-12.0,-12.25,24.651963000000002,1,831,True,0.001800720288115246,1.803968731208659,0.12973206916388455,5.6355410965473105,"{""2022"": {""background"": 16, ""stream"": 0}, ""2023"": {""background"": 162, ""stream"": 0}, ""2024"": {""background"": 334, ""stream"": 0}, ""2025"": {""background"": 108, ""stream"": 0}, ""2026"": {""background"": 211, ""stream"": 1}}",0.44605651232832644,0.2001098225562623
-12.0,-11.5,-11.75,25.151963000000002,0,781,True,0.0006393861892583121,0.6397952655150352,0.0006285244003225751,3.22046129835355,"{""2022"": {""background"": 27, ""stream"": 0}, ""2023"": {""background"": 54, ""stream"": 0}, ""2024"": {""background"": 174, ""stream"": 0}, ""2025"": {""background"": 75, ""stream"": 0}, ""2026"": {""background"": 451, ""stream"": 0}}",0.11355594138951355,0.0
-11.5,-11.0,-11.25,25.651963000000002,0,832,True,0.0006002400960384153,0.6006006006006006,0.0005900086287576516,3.022814598221949,"{""2022"": {""background"": 23, ""stream"": 0}, ""2023"": {""background"": 147, ""stream"": 0}, ""2024"": {""background"": 323, ""stream"": 0}, ""2025"": {""background"": 133, ""stream"": 0}, ""2026"": {""background"": 206, ""stream"": 0}}",0.10241776311024516,0.0
-11.0,-10.5,-10.75,26.151963000000002,1,822,True,0.0018203883495145632,1.8237082066869301,0.13115129173568627,5.6973631625858765,"{""2022"": {""background"": 11, ""stream"": 0}, ""2023"": {""background"": 71, ""stream"": 0}, ""2024"": {""background"": 134, ""stream"": 0}, ""2025"": {""background"": 90, ""stream"": 0}, ""2026"": {""background"": 516, ""stream"": 1}}",0.4510337299140317,0.21984929803453346
-10.5,-10.0,-10.25,26.651963000000002,0,777,True,0.0006426735218508997,0.6430868167202571,0.0006317590071233774,3.2370617086370013,"{""2022"": {""background"": 26, ""stream"": 0}, ""2023"": {""background"": 86, ""stream"": 0}, ""2024"": {""background"": 362, ""stream"": 0}, ""2025"": {""background"": 129, ""stream"": 0}, ""2026"": {""background"": 174, ""stream"": 0}}",0.11448428299498038,0.0
-10.0,-9.5,-9.75,27.151963000000002,2,624,True,0.003987240829346092,4.00320256204964,0.6649247900714969,10.314747106636506,"{""2022"": {""background"": 16, ""stream"": 0}, ""2023"": {""background"": 58, ""stream"": 0}, ""2024"": {""background"": 147, ""stream"": 0}, ""2025"": {""background"": 101, ""stream"": 0}, ""2026"": {""background"": 302, ""stream"": 2}}",0.8485888633715915,2.399343653397243
-9.5,-9.0,-9.25,27.651963000000002,0,968,True,0.0005159958720330237,0.5162622612287041,0.0005071362424221956,2.5976804249044703,"{""2022"": {""background"": 41, ""stream"": 0}, ""2023"": {""background"": 101, ""stream"": 0}, ""2024"": {""background"": 395, ""stream"": 0}, ""2025"": {""background"": 128, ""stream"": 0}, ""2026"": {""background"": 303, ""stream"": 0}}",0.07812968690532285,0.0
-9.0,-8.5,-8.75,28.151963000000002,2,651,True,0.00382262996941896,3.837298541826554,0.6373913125228056,9.885661690001864,"{""2022"": {""background"": 23, ""stream"": 0}, ""2023"": {""background"": 111, ""stream"": 0}, ""2024"": {""background"": 123, ""stream"": 0}, ""2025"": {""background"": 142, ""stream"": 0}, ""2026"": {""background"": 252, ""stream"": 2}}",0.836478278161336,2.2334396331741573
-8.5,-8.0,-8.25,28.651963000000002,3,943,True,0.003695881731784583,3.7095919448860624,0.8947478835772529,8.510627594730238,"{""2022"": {""background"": 49, ""stream"": 1}, ""2023"": {""background"": 93, ""stream"": 0}, ""2024"": {""background"": 301, ""stream"": 1}, ""2025"": {""background"": 185, ""stream"": 0}, ""2026"": {""background"": 315, ""stream"": 1}}",0.8823942160147508,2.1057330362336657
-8.0,-7.5,-7.75,29.151963000000002,0,733,True,0.0006811989100817438,0.6816632583503749,0.0006696688638981017,3.43164034675572,"{""2022"": {""background"": 18, ""stream"": 0}, ""2023"": {""background"": 189, ""stream"": 0}, ""2024"": {""background"": 68, ""stream"": 0}, ""2025"": {""background"": 81, ""stream"": 0}, ""2026"": {""background"": 377, ""stream"": 0}}",0.12526893093909214,0.0
-7.5,-7.0,-7.25,29.651963000000002,0,805,True,0.0006203473945409429,0.6207324643078833,0.0006097915984223042,3.1243275948664286,"{""2022"": {""background"": 38, ""stream"": 0}, ""2023"": {""background"": 115, ""stream"": 0}, ""2024"": {""background"": 117, ""stream"": 0}, ""2025"": {""background"": 255, ""stream"": 0}, ""2026"": {""background"": 280, ""stream"": 0}}",0.10815701831932574,0.0
-7.0,-6.5,-6.75,30.151963000000002,2,693,True,0.0035919540229885057,3.604902667627974,0.5988195057193503,9.284840240097056,"{""2022"": {""background"": 18, ""stream"": 1}, ""2023"": {""background"": 119, ""stream"": 0}, ""2024"": {""background"": 101, ""stream"": 0}, ""2025"": {""background"": 222, ""stream"": 1}, ""2026"": {""background"": 233, ""stream"": 0}}",0.8171916983886743,2.001043758975577
-6.5,-6.0,-6.25,30.651963000000002,1,924,True,0.0016198704103671706,1.6224986479177934,0.11668444772463835,5.067353946418958,"{""2022"": {""background"": 114, ""stream"": 0}, ""2023"": {""background"": 139, ""stream"": 0}, ""2024"": {""background"": 125, ""stream"": 1}, ""2025"": {""background"": 245, ""stream"": 0}, ""2026"": {""background"": 301, ""stream"": 0}}",0.3972151987741447,0.01863973926539675
-6.0,-5.5,-5.75,31.151963000000002,0,771,True,0.0006476683937823834,0.6480881399870382,0.0006366738270294218,3.262285710198895,"{""2022"": {""background"": 31, ""stream"": 0}, ""2023"": {""background"": 127, ""stream"": 0}, ""2024"": {""background"": 87, ""stream"": 0}, ""2025"": {""background"": 254, ""stream"": 0}, ""2026"": {""background"": 272, ""stream"": 0}}",0.11589253039080886,0.0
-5.5,-5.0,-5.25,31.651963000000002,2,868,True,0.0028702640642939152,2.878526194588371,0.47823446876692327,7.408679912855693,"{""2022"": {""background"": 89, ""stream"": 0}, ""2023"": {""background"": 151, ""stream"": 1}, ""2024"": {""background"": 167, ""stream"": 0}, ""2025"": {""background"": 155, ""stream"": 0}, ""2026"": {""background"": 306, ""stream"": 1}}",0.7329255859862851,1.2746672859359744
-5.0,-4.5,-4.75,32.151963,2,967,True,0.002577319587628866,2.5839793281653747,0.42932623197600184,6.648656255081768,"{""2022"": {""background"": 34, ""stream"": 0}, ""2023"": {""background"": 124, ""stream"": 0}, ""2024"": {""background"": 84, ""stream"": 0}, ""2025"": {""background"": 292, ""stream"": 1}, ""2026"": {""background"": 433, ""stream"": 1}}",0.6840507541347371,0.980120419512978
-4.5,-4.0,-4.25,32.651963,2,888,True,0.0028058361391694723,2.8137310073157002,0.4674760424028355,7.241450197107568,"{""2022"": {""background"": 91, ""stream"": 0}, ""2023"": {""background"": 128, ""stream"": 0}, ""2024"": {""background"": 127, ""stream"": 0}, ""2025"": {""background"": 149, ""stream"": 0}, ""2026"": {""background"": 393, ""stream"": 2}}",0.7230708409047103,1.2098720986633036
-4.0,-3.5,-3.75,33.151963,2,1046,True,0.0023832221163012394,2.388915432393693,0.3969332804322369,6.145571991303755,"{""2022"": {""background"": 30, ""stream"": 0}, ""2023"": {""background"": 64, ""stream"": 0}, ""2024"": {""background"": 70, ""stream"": 0}, ""2025"": {""background"": 398, ""stream"": 0}, ""2026"": {""background"": 484, ""stream"": 2}}",0.6451894736255014,0.7850565237412965
-3.5,-3.0,-3.25,33.651963,2,859,True,0.002900232018561485,2.9086678301337985,0.48323900563634875,7.4864796287581825,"{""2022"": {""background"": 97, ""stream"": 0}, ""2023"": {""background"": 144, ""stream"": 0}, ""2024"": {""background"": 56, ""stream"": 0}, ""2025"": {""background"": 188, ""stream"": 1}, ""2026"": {""background"": 374, ""stream"": 1}}",0.7373527752934099,1.3048089214814018
-3.0,-2.5,-2.75,34.151963,5,1295,True,0.004227517294388932,4.245465071401004,1.4712225183089627,8.481184822354681,"{""2022"": {""background"": 42, ""stream"": 0}, ""2023"": {""background"": 117, ""stream"": 1}, ""2024"": {""background"": 47, ""stream"": 0}, ""2025"": {""background"": 457, ""stream"": 1}, ""2026"": {""background"": 632, ""stream"": 3}}",0.9650174191873142,2.641606162748607
-2.5,-2.0,-2.25,34.651963,2,779,True,0.00319693094629156,3.2071840923669015,0.5327993351817544,8.257240002221822,"{""2022"": {""background"": 123, ""stream"": 1}, ""2023"": {""background"": 71, ""stream"": 0}, ""2024"": {""background"": 58, ""stream"": 0}, ""2025"": {""background"": 223, ""stream"": 1}, ""2026"": {""background"": 304, ""stream"": 0}}",0.7763722254519181,1.6033251837145048
-2.0,-1.5,-1.75,35.151963,11,1093,True,0.010407239819004524,10.516689529035208,5.333229153860504,17.47797393930331,"{""2022"": {""background"": 27, ""stream"": 1}, ""2023"": {""background"": 99, ""stream"": 0}, ""2024"": {""background"": 52, ""stream"": 0}, ""2025"": {""background"": 419, ""stream"": 6}, ""2026"": {""background"": 496, ""stream"": 4}}",0.9999990229968838,8.912830620382811
-1.5,-1.0,-1.25,35.651963,2,666,True,0.0037369207772795215,3.750937734433608,0.6230580668343054,9.662357960821046,"{""2022"": {""background"": 106, ""stream"": 0}, ""2023"": {""background"": 148, ""stream"": 1}, ""2024"": {""background"": 37, ""stream"": 0}, ""2025"": {""background"": 169, ""stream"": 0}, ""2026"": {""background"": 206, ""stream"": 1}}",0.8296489410595851,2.1470788257812115
-1.0,-0.5,-0.75,36.151963,5,828,True,0.006594724220623501,6.638503319251659,2.2992127041096997,13.280401692976382,"{""2022"": {""background"": 17, ""stream"": 0}, ""2023"": {""background"": 98, ""stream"": 0}, ""2024"": {""background"": 145, ""stream"": 2}, ""2025"": {""background"": 345, ""stream"": 1}, ""2026"": {""background"": 223, ""stream"": 2}}",0.9944752781083291,5.034644410599262
-0.5,0.0,-0.25,36.651963,9,925,True,0.010160427807486631,10.264721772015127,4.801255898371842,17.824478719825976,"{""2022"": {""background"": 69, ""stream"": 1}, ""2023"": {""background"": 172, ""stream"": 1}, ""2024"": {""background"": 210, ""stream"": 3}, ""2025"": {""background"": 229, ""stream"": 1}, ""2026"": {""background"": 245, ""stream"": 3}}",0.9999897838403067,8.66086286336273
0.0,0.5,0.25,37.151963,10,859,True,0.01206896551724138,12.216404886561953,5.966813067452148,20.738245674769107,"{""2022"": {""background"": 36, ""stream"": 1}, ""2023"": {""background"": 50, ""stream"": 0}, ""2024"": {""background"": 143, ""stream"": 0}, ""2025"": {""background"": 450, ""stream"": 4}, ""2026"": {""background"": 180, ""stream"": 5}}",0.9999992699538008,10.612545977909557
0.5,1.0,0.75,37.651963,12,971,True,0.012703252032520325,12.866700977869273,6.7352188188019495,21.014462880323787,"{""2022"": {""background"": 118, ""stream"": 2}, ""2023"": {""background"": 116, ""stream"": 2}, ""2024"": {""background"": 164, ""stream"": 0}, ""2025"": {""background"": 368, ""stream"": 6}, ""2026"": {""background"": 205, ""stream"": 2}}",0.9999999624140058,11.262842069216877
1.0,1.5,1.25,38.151963,6,882,True,0.007311586051743532,7.36543909348442,2.8330171017863472,14.069103832208382,"{""2022"": {""background"": 33, ""stream"": 1}, ""2023"": {""background"": 56, ""stream"": 0}, ""2024"": {""background"": 200, ""stream"": 2}, ""2025"": {""background"": 367, ""stream"": 2}, ""2026"": {""background"": 226, ""stream"": 1}}",0.9984599554264462,5.761580184832023
1.5,2.0,1.75,38.651963,15,1021,True,0.014946962391513982,15.173764072442484,8.560855074460331,23.719467135938615,"{""2022"": {""background"": 113, ""stream"": 0}, ""2023"": {""background"": 120, ""stream"": 2}, ""2024"": {""background"": 218, ""stream"": 4}, ""2025"": {""background"": 367, ""stream"": 7}, ""2026"": {""background"": 203, ""stream"": 2}}",0.9999999999045723,13.569905163790088
2.0,2.5,2.25,39.151963,4,808,True,0.005535055350553505,5.565862708719852,1.667784523931948,11.808036184932968,"{""2022"": {""background"": 67, ""stream"": 1}, ""2023"": {""background"": 56, ""stream"": 0}, ""2024"": {""background"": 240, ""stream"": 1}, ""2025"": {""background"": 236, ""stream"": 0}, ""2026"": {""background"": 209, ""stream"": 2}}",0.9781609471310786,3.962003800067455
2.5,3.0,2.75,39.651963,8,867,True,0.009703196347031963,9.798270893371757,4.350456141998275,17.477409432686834,"{""2022"": {""background"": 92, ""stream"": 2}, ""2023"": {""background"": 100, ""stream"": 1}, ""2024"": {""background"": 159, ""stream"": 1}, ""2025"": {""background"": 348, ""stream"": 3}, ""2026"": {""background"": 168, ""stream"": 1}}",0.9999585959054154,8.19441198471936
3.0,3.5,3.25,40.151963,2,877,True,0.002840909090909091,2.849002849002849,0.4733325257654112,7.332480553984837,"{""2022"": {""background"": 33, ""stream"": 0}, ""2023"": {""background"": 44, ""stream"": 0}, ""2024"": {""background"": 250, ""stream"": 1}, ""2025"": {""background"": 349, ""stream"": 1}, ""2026"": {""background"": 201, ""stream"": 0}}",0.7284934898483388,1.2451439403504523
3.5,4.0,3.75,40.651963,1,764,True,0.0019582245430809398,1.9620667102681488,0.14109874242298223,6.130783477168821,"{""2022"": {""background"": 83, ""stream"": 0}, ""2023"": {""background"": 70, ""stream"": 0}, ""2024"": {""background"": 132, ""stream"": 0}, ""2025"": {""background"": 364, ""stream"": 1}, ""2026"": {""background"": 115, ""stream"": 0}}",0.48418651946602664,0.35820780161575216
4.0,4.5,4.25,41.151963,1,611,True,0.0024469820554649264,2.452984464431725,0.17639096490807,7.669973602213945,"{""2022"": {""background"": 18, ""stream"": 0}, ""2023"": {""background"": 53, ""stream"": 0}, ""2024"": {""background"": 182, ""stream"": 0}, ""2025"": {""background"": 212, ""stream"": 0}, ""2026"": {""background"": 146, ""stream"": 1}}",0.5805932256968649,0.8491255557793282
4.5,5.0,4.75,41.651963,4,652,True,0.00684931506849315,6.8965517241379315,2.0658648599899854,14.64410702065971,"{""2022"": {""background"": 72, ""stream"": 0}, ""2023"": {""background"": 36, ""stream"": 1}, ""2024"": {""background"": 105, ""stream"": 1}, ""2025"": {""background"": 270, ""stream"": 1}, ""2026"": {""background"": 169, ""stream"": 1}}",0.9898397131824525,5.292692815485535
5.0,5.5,5.25,42.151963,0,931,True,0.000536480686695279,0.5367686527106816,0.000527285552048747,2.701029521985808,"{""2022"": {""background"": 25, ""stream"": 0}, ""2023"": {""background"": 50, ""stream"": 0}, ""2024"": {""background"": 396, ""stream"": 0}, ""2025"": {""background"": 339, ""stream"": 0}, ""2026"": {""background"": 121, ""stream"": 0}}",0.08404995682178355,0.0
5.5,6.0,5.75,42.651963,0,735,True,0.0006793478260869565,0.6798096532970768,0.0006678472548944642,3.4222897731551827,"{""2022"": {""background"": 70, ""stream"": 0}, ""2023"": {""background"": 31, ""stream"": 0}, ""2024"": {""background"": 149, ""stream"": 0}, ""2025"": {""background"": 314, ""stream"": 0}, ""2026"": {""background"": 171, ""stream"": 0}}",0.12475499084783605,0.0
6.0,6.5,6.25,43.151963,1,1093,True,0.0013698630136986301,1.3717421124828533,0.09865414253682721,4.282701131961846,"{""2022"": {""background"": 60, ""stream"": 0}, ""2023"": {""background"": 38, ""stream"": 0}, ""2024"": {""background"": 467, ""stream"": 0}, ""2025"": {""background"": 377, ""stream"": 0}, ""2026"": {""background"": 151, ""stream"": 1}}",0.32003258670140844,0.0
6.5,7.0,6.75,43.651963,0,774,True,0.0006451612903225806,0.6455777921239509,0.0006342068953055971,3.2496247622261736,"{""2022"": {""background"": 55, ""stream"": 0}, ""2023"": {""background"": 18, ""stream"": 0}, ""2024"": {""background"": 192, ""stream"": 0}, ""2025"": {""background"": 258, ""stream"": 0}, ""2026"": {""background"": 251, ""stream"": 0}}",0.11518603201333576,0.0
7.0,7.5,7.25,44.151963,2,1167,True,0.002136752136752137,2.1413276231263385,0.3558140946692315,5.507302257828336,"{""2022"": {""background"": 121, ""stream"": 0}, ""2023"": {""background"": 40, ""stream"": 0}, ""2024"": {""background"": 368, ""stream"": 1}, ""2025"": {""background"": 453, ""stream"": 1}, ""2026"": {""background"": 185, ""stream"": 0}}",0.5867686740099085,0.5374687144739418
7.5,8.0,7.75,44.651963,1,793,True,0.0018867924528301887,1.890359168241966,0.13594328747209639,5.906132402420433,"{""2022"": {""background"": 117, ""stream"": 0}, ""2023"": {""background"": 10, ""stream"": 0}, ""2024"": {""background"": 164, ""stream"": 0}, ""2025"": {""background"": 251, ""stream"": 1}, ""2026"": {""background"": 251, ""stream"": 0}}",0.46737640221391274,0.2865002595895694
8.0,8.5,8.25,45.151963,2,1034,True,0.0024108003857280617,2.416626389560174,0.4015352197680157,6.217028858019256,"{""2022"": {""background"": 81, ""stream"": 0}, ""2023"": {""background"": 48, ""stream"": 0}, ""2024"": {""background"": 348, ""stream"": 2}, ""2025"": {""background"": 371, ""stream"": 0}, ""2026"": {""background"": 186, ""stream"": 0}}",0.6510673547886378,0.8127674809077772
8.5,9.0,8.75,45.651963,0,680,True,0.0007342143906020558,0.7347538574577516,0.0007218444728279948,3.699502019440815,"{""2022"": {""background"": 79, ""stream"": 0}, ""2023"": {""background"": 14, ""stream"": 0}, ""2024"": {""background"": 111, ""stream"": 0}, ""2025"": {""background"": 219, ""stream"": 0}, ""2026"": {""background"": 257, ""stream"": 0}}",0.13978700076154862,0.0
9.0,9.5,9.25,46.151963,2,948,True,0.0026288117770767614,2.635740643120717,0.4379214267547995,6.782184897425024,"{""2022"": {""background"": 66, ""stream"": 0}, ""2023"": {""background"": 39, ""stream"": 0}, ""2024"": {""background"": 271, ""stream"": 0}, ""2025"": {""background"": 396, ""stream"": 2}, ""2026"": {""background"": 176, ""stream"": 0}}",0.6934356765171901,1.0318817344683202
9.5,10.0,9.75,46.651963,1,729,True,0.002051983584131327,2.05620287868403,0.14786656985455154,6.425768765222606,"{""2022"": {""background"": 60, ""stream"": 0}, ""2023"": {""background"": 36, ""stream"": 0}, ""2024"": {""background"": 140, ""stream"": 0}, ""2025"": {""background"": 204, ""stream"": 1}, ""2026"": {""background"": 289, ""stream"": 0}}",0.5050989706284493,0.4523439700316332
10.0,10.5,10.25,47.151963,3,1110,True,0.0031418312387791743,3.15173345339937,0.7602933478589924,7.227604552009538,"{""2022"": {""background"": 68, ""stream"": 0}, ""2023"": {""background"": 63, ""stream"": 0}, ""2024"": {""background"": 473, ""stream"": 0}, ""2025"": {""background"": 332, ""stream"": 2}, ""2026"": {""background"": 174, ""stream"": 1}}",0.8284737299699146,1.5478745447469735
10.5,11.0,10.75,47.651963,1,683,True,0.0021897810218978104,2.194586686174104,0.1578152359400143,6.85954880274334,"{""2022"": {""background"": 36, ""stream"": 0}, ""2023"": {""background"": 37, ""stream"": 0}, ""2024"": {""background"": 133, ""stream"": 0}, ""2025"": {""background"": 126, ""stream"": 0}, ""2026"": {""background"": 351, ""stream"": 1}}",0.5336206507027446,0.5907277775217072
11.0,11.5,11.25,48.151963,0,1047,True,0.00047709923664122136,0.477326968973747,0.0004688800761134333,2.4014876068904334,"{""2022"": {""background"": 99, ""stream"": 0}, ""2023"": {""background"": 108, ""stream"": 0}, ""2024"": {""background"": 347, ""stream"": 0}, ""2025"": {""background"": 227, ""stream"": 0}, ""2026"": {""background"": 266, ""stream"": 0}}",0.06693647271918461,0.0
11.5,12.0,11.75,48.651963,2,1070,True,0.002329916123019571,2.335357309668379,0.38803876383476055,6.007475349781838,"{""2022"": {""background"": 25, ""stream"": 0}, ""2023"": {""background"": 76, ""stream"": 0}, ""2024"": {""background"": 147, ""stream"": 0}, ""2025"": {""background"": 225, ""stream"": 1}, ""2026"": {""background"": 597, ""stream"": 1}}",0.6334708084676599,0.7314984010159824
12.0,12.5,12.25,49.151963,1,940,True,0.0015923566878980893,1.5948963317384373,0.11469979881669363,4.980955566789342,"{""2022"": {""background"": 64, ""stream"": 0}, ""2023"": {""background"": 85, ""stream"": 0}, ""2024"": {""background"": 365, ""stream"": 1}, ""2025"": {""background"": 225, ""stream"": 0}, ""2026"": {""background"": 201, ""stream"": 0}}",0.3892809885706485,0.0
12.5,13.0,12.75,49.651963,1,1082,True,0.0013837638376383763,1.3856812933025404,0.09965645123188262,4.326304442056109,"{""2022"": {""background"": 25, ""stream"": 0}, ""2023"": {""background"": 45, ""stream"": 0}, ""2024"": {""background"": 197, ""stream"": 1}, ""2025"": {""background"": 268, ""stream"": 0}, ""2026"": {""background"": 547, ""stream"": 0}}",0.32462489601759276,0.0
13.0,13.5,13.25,50.151963,1,820,True,0.0018248175182481751,1.8281535648994516,0.13147090168702136,5.71128604892757,"{""2022"": {""background"": 87, ""stream"": 0}, ""2023"": {""background"": 97, ""stream"": 0}, ""2024"": {""background"": 246, ""stream"": 0}, ""2025"": {""background"": 159, ""stream"": 1}, ""2026"": {""background"": 231, ""stream"": 0}}",0.45214585375397676,0.2242946562470549
13.5,14.0,13.75,50.651963,2,813,True,0.0030637254901960784,3.073140749846343,0.5105459552915066,7.911088056450488,"{""2022"": {""background"": 29, ""stream"": 0}, ""2023"": {""background"": 79, ""stream"": 0}, ""2024"": {""background"": 118, ""stream"": 1}, ""2025"": {""background"": 247, ""stream"": 1}, ""2026"": {""background"": 340, ""stream"": 0}}",0.7598771286130568,1.4692818411939461
14.0,14.5,14.25,51.151963,2,976,True,0.002553626149131767,2.560163850486431,0.42537150210666985,6.587224038047074,"{""2022"": {""background"": 65, ""stream"": 0}, ""2023"": {""background"": 145, ""stream"": 1}, ""2024"": {""background"": 277, ""stream"": 0}, ""2025"": {""background"": 124, ""stream"": 0}, ""2026"": {""background"": 365, ""stream"": 1}}",0.6796082496688476,0.9563049418340341
14.5,15.0,14.75,51.651963,1,776,True,0.0019280205655526992,1.9317450096587252,0.13891875810561055,6.035783780708889,"{""2022"": {""background"": 20, ""stream"": 0}, ""2023"": {""background"": 49, ""stream"": 0}, ""2024"": {""background"": 121, ""stream"": 0}, ""2025"": {""background"": 146, ""stream"": 0}, ""2026"": {""background"": 440, ""stream"": 1}}",0.4771737926832874,0.32788610100632853
15.0,15.5,15.25,52.151963,2,761,True,0.0032722513089005235,3.2829940906106367,0.5453844591904218,8.453051195886955,"{""2022"": {""background"": 65, ""stream"": 1}, ""2023"": {""background"": 117, ""stream"": 0}, ""2024"": {""background"": 151, ""stream"": 1}, ""2025"": {""background"": 103, ""stream"": 0}, ""2026"": {""background"": 325, ""stream"": 0}}",0.7850354344187587,1.67913518195824
15.5,16.0,15.75,52.651963,2,847,True,0.0029411764705882353,2.949852507374631,0.49007695753857244,7.592790404469803,"{""2022"": {""background"": 13, ""stream"": 0}, ""2023"": {""background"": 72, ""stream"": 0}, ""2024"": {""background"": 203, ""stream"": 0}, ""2025"": {""background"": 175, ""stream"": 0}, ""2026"": {""background"": 384, ""stream"": 2}}",0.7432468272432904,1.3459935987222345
16.0,16.5,16.25,53.151963,1,982,True,0.001524390243902439,1.5267175572519083,0.10979757896066958,4.767576700625868,"{""2022"": {""background"": 49, ""stream"": 0}, ""2023"": {""background"": 109, ""stream"": 0}, ""2024"": {""background"": 275, ""stream"": 0}, ""2025"": {""background"": 138, ""stream"": 1}, ""2026"": {""background"": 411, ""stream"": 0}}",0.36909196376195685,0.0
16.5,17.0,16.75,53.651963,1,836,True,0.0017899761336515514,1.7931858936043037,0.12895680502336543,5.60177175956335,"{""2022"": {""background"": 9, ""stream"": 0}, ""2023"": {""background"": 53, ""stream"": 0}, ""2024"": {""background"": 131, ""stream"": 1}, ""2025"": {""background"": 227, ""stream"": 0}, ""2026"": {""background"": 416, ""stream"": 0}}",0.44331069489367003,0.18932698495190703
17.0,17.5,17.25,54.151963,1,1000,True,0.0014970059880239522,1.4992503748125936,0.1078225970153505,4.681624194077438,"{""2022"": {""background"": 18, ""stream"": 0}, ""2023"": {""background"": 201, ""stream"": 0}, ""2024"": {""background"": 220, ""stream"": 0}, ""2025"": {""background"": 190, ""stream"": 0}, ""2026"": {""background"": 371, ""stream"": 1}}",0.36071835188878826,0.0
17.5,18.0,17.75,54.651963,0,873,True,0.0005720823798627002,0.5724098454493418,0.0005623071016484393,2.8806861072280783,"{""2022"": {""background"": 10, ""stream"": 0}, ""2023"": {""background"": 75, ""stream"": 0}, ""2024"": {""background"": 164, ""stream"": 0}, ""2025"": {""background"": 328, ""stream"": 0}, ""2026"": {""background"": 296, ""stream"": 0}}",0.09432924418129163,0.0
18.0,18.5,18.25,55.151963,2,1116,True,0.002234137622877569,2.239140170174653,0.37205925123240624,5.759421305038304,"{""2022"": {""background"": 21, ""stream"": 0}, ""2023"": {""background"": 168, ""stream"": 1}, ""2024"": {""background"": 186, ""stream"": 0}, ""2025"": {""background"": 231, ""stream"": 0}, ""2026"": {""background"": 510, ""stream"": 1}}",0.6111756842520921,0.6352812615222563
