geo_region,year,unique_trajectory_identifier,beginning_utc_time,sol_lon_deg,sun_centered_lon,betgeo_deg,vgeo_km_s,e,q_au,i_deg,peri_deg,node_deg,participating_stations,station_countries
Americas,2022,20220425100930_QG7RH,2022-04-25 10:09:30.126124,34.889266,-148.883966,6.96634,37.34661,0.943646,0.07615,23.414081,334.652316,34.899447,"['US000U', 'USL004', 'USL005', 'USL008', 'USL00C', 'USL00G', 'USL00M']",US
Americas,2022,20220427103501_S8NEe,2022-04-27 10:35:01.806772,36.853651,-149.51262100000002,7.29682,39.40306,0.9573,0.070287,27.111133,334.390985,36.862568,"['MX000B', 'MX000C']",MX
Americas,2022,20220428055316_V9cWu,2022-04-28 05:53:16.998967,37.636214,-149.119574,7.47577,37.67188,0.944547,0.077908,25.180957,334.071739,37.639425,"['BR000F', 'BR000Q']",BR
Americas,2022,20220428084048_l3J68,2022-04-28 08:40:48.603711,37.749377,-149.215287,7.80998,37.92234,0.945385,0.078658,26.427882,333.75749,37.757502,"['US0022', 'USL00A', 'USL00B', 'USL00E', 'USL012', 'USV003']",US
Americas,2022,20220430064940_Xyt8z,2022-04-30 06:49:40.941465,39.618802,-150.57692200000002,8.56297,37.38734,0.936451,0.095272,25.985426,330.715542,39.625652,"['USL00J', 'USL00X', 'USL011', 'USL012']",US
Americas,2022,20220430085701_wz5l2,2022-04-30 08:57:01.152127,39.704731,-149.59185100000002,6.61876,36.87235,0.939382,0.08252,21.044893,333.548314,39.715678,"['USL00A', 'USL00J', 'USL00Y']",US
Americas,2023,20230428073717_SHtpX,2023-04-28 07:37:17.508671,37.457155,-150.382905,6.79864,39.44796,0.957914,0.073707,24.527438,333.405561,37.466825,"['CA000B', 'CA002L']",CA
Americas,2023,20230429090317_3F8rw,2023-04-29 09:03:17.453003,38.487422,-148.95036200000004,6.51992,37.28628,0.944701,0.074892,22.007355,334.870586,38.497374,"['USL00B', 'USL00D']",US
Americas,2024,20240426053939_W3Fc4,2024-04-26 05:39:39.914765,36.151014,-148.67578400000002,7.68212,36.78791,0.937657,0.080779,24.808672,334.227061,36.160287,"['CA000E', 'CA002L', 'CA0032']",CA
Americas,2024,20240426080141_SvPi3,2024-04-26 08:01:41.330665,36.246959,-149.35062900000003,6.15511,37.12275,0.943095,0.077395,20.266965,334.393161,36.259858,"['CA001R', 'CA002H']",CA
Americas,2024,20240428085039_OtjIt,2024-04-28 08:50:39.287934,38.224626,-150.783566,6.57689,38.95837,0.954272,0.078313,22.658486,332.691102,38.235243,"['USL008', 'USL00D']",US
Americas,2024,20240429085626_mNMgb,2024-04-29 08:56:26.532962,39.200156,-148.827356,7.73614,35.26074,0.923418,0.091709,22.448489,333.273934,39.212314,"['US0038', 'US0039', 'US003N', 'US003P']",US
Americas,2024,20240430044813_8cTT0,2024-04-30 04:48:13.624163,40.003979,-149.658349,7.57661,35.91741,0.928006,0.092771,22.239745,332.395305,40.012189,"['US002X', 'US002Y', 'US004C']",US
Americas,2025,20250425061734_4DlAc,2025-04-25 06:17:34.281467,34.949737,-147.95356700000002,6.75242,36.37856,0.938579,0.074962,22.259998,335.709493,34.95791,"['US0003', 'US0005', 'US0009', 'US000H']",US
Americas,2025,20250425063625_FffqS,2025-04-25 06:36:25.323411,34.96249,-148.75452,7.6561,37.63267,0.944243,0.076598,26.017021,334.450663,34.969191,"['US0020', 'USL015']",US
Americas,2025,20250425092149_UkyHc,2025-04-25 09:21:49.672478,35.074376,-150.07766600000002,7.86709,39.56823,0.956196,0.076141,28.280711,332.988185,35.082517,"['USL00X', 'USL011', 'USL012', 'USL01E']",US
Americas,2025,20250425094115_SdkSh,2025-04-25 09:41:15.935675,35.087524,-147.27820399999996,7.91591,36.62078,0.93879,0.073881,26.737782,335.990369,35.09652,"['US000J', 'USL004', 'USL01C']",US
Americas,2025,20250427111229_2riz9,2025-04-27 11:12:29.026367,37.096292,-149.11546199999998,6.79274,38.13158,0.950021,0.072412,23.915558,334.806302,37.106945,"['US000S', 'US0027']",US
Americas,2025,20250428060958_F0cK2,2025-04-28 06:09:58.193094,37.864768,-149.27195800000004,7.48153,38.60749,0.951555,0.073733,26.596796,334.242981,37.873164,"['US002D', 'US0035']",US
Americas,2025,20250428063243_XL5xF,2025-04-28 06:32:43.528436,37.880139,-149.775399,7.43963,38.30469,0.948516,0.078737,25.32748,333.323063,37.889123,"['US003P', 'US003Q', 'US005Q']",US
Americas,2025,20250428074446_zrXLC,2025-04-28 07:44:46.859322,37.928809,-149.61487899999997,7.35276,37.95809,0.946296,0.079202,24.709376,333.493819,37.937477,"['US0002', 'US0004', 'US0008', 'US0009', 'US000C', 'US000E', 'US000H', 'US000K', 'US000M', 'US000N']",US
Americas,2025,20250429044016_joqKV,2025-04-29 04:40:16.566963,38.776609,-148.974059,6.94097,37.43023,0.944592,0.076012,23.426706,334.583115,38.782737,"['USL00F', 'USL00L', 'USL00M']",US
Americas,2025,20250429051626_jzOa5,2025-04-29 05:16:26.641051,38.801026,-149.625406,7.44437,37.31712,0.940846,0.083404,23.961887,333.122315,38.805354,"['BR000T', 'BR0029']",BR
Americas,2025,20250429061607_ELNc5,2025-04-29 06:16:07.129093,38.841312,-150.205652,8.76458,38.53481,0.94603,0.087002,28.834243,331.55553,38.846884,"['US0022', 'US005C']",US
Americas,2025,20250429071025_Ubm6T,2025-04-29 07:10:25.296535,38.87797,-150.35273,7.24587,36.58472,0.933421,0.092569,21.630488,331.748128,38.882274,"['BR001T', 'BR001U']",BR
Americas,2025,20250501060533_Hr0vs,2025-05-01 06:05:33.090730,40.777361,-149.66162100000003,7.71668,38.90241,0.952807,0.075683,27.345303,333.575144,40.783896,"['US0002', 'US0004', 'US000E', 'US000N']",US
Americas,2026,20260423112020_GxTOg,2026-04-23 11:20:20.186998,32.95845,-150.4857,7.14917,37.10128,0.937626,0.090115,21.879654,331.789724,32.969759,"['US005D', 'US005Z', 'USL00F']",US
Americas,2026,20260427091445_S1TLS,2026-04-27 09:14:45.862425,36.768446,-150.42994599999997,6.79179,37.15313,0.939528,0.087526,21.098121,332.220146,36.780216,"['US000C', 'US000H', 'US000M', 'US000N', 'US0030']",US
Americas,2026,20260427110209_aObez,2026-04-27 11:02:09.420112,36.840979,-148.654949,8.05816,37.14076,0.939592,0.080239,26.458788,334.111802,36.851036,"['US000C', 'US000E', 'US000M', 'US000N', 'US006L']",US
Americas,2026,20260429082223_258vb,2026-04-29 08:22:23.251871,38.677163,-147.030033,6.89172,37.43861,0.949675,0.062911,25.671462,337.61685,38.687831,"['CA002V', 'CA003E']",CA
Europe_WestAsia,2022,20220425214316_g1mDj,2022-04-25 21:43:16.375296,35.35848,-148.81792000000002,7.39992,37.41408,0.943143,0.077089,24.853026,334.468645,35.366903,"['RU000M', 'RU0013']",RU
Europe_WestAsia,2022,20220427212848_4FpBh,2022-04-27 21:28:48.126253,37.295403,-149.40921300000002,7.32508,37.10216,0.939618,0.082719,23.51063,333.451406,37.304363,"['RU000M', 'RU0013']",RU
Europe_WestAsia,2022,20220428224619_5jOdt,2022-04-28 22:46:19.027480,38.320414,-150.10517400000003,6.43467,38.06235,0.948554,0.078278,21.655571,333.438226,38.330062,"['HR000G', 'HR001H']",HR
Europe_WestAsia,2022,20220430011410_9nBEV,2022-04-30 01:14:10.209095,39.392372,-149.66362200000003,7.74139,36.21727,0.930148,0.091832,23.057948,332.351354,39.402937,"['HR000V', 'HR0025']",HR
Europe_WestAsia,2023,20230425020723_Ke8PF,2023-04-25 02:07:23.067093,34.313781,-148.56555100000003,7.12426,36.70763,0.938689,0.078522,23.190155,334.689116,34.323453,"['UK000F', 'UK003N', 'UK0045', 'UK004E', 'UK005P', 'UK006D', 'UK006U', 'UK008T']",UK
Europe_WestAsia,2024,20240426234906_41XAG,2024-04-26 23:49:06.253113,36.886871,-147.692811,6.66329,36.83661,0.943708,0.069736,23.075373,336.472434,36.896612,"['BE0005', 'FR000X']",BE;FR
Europe_WestAsia,2024,20240429005404_1ywsu,2024-04-29 00:54:04.258484,38.87473,-150.47856000000002,7.26736,37.85142,0.944263,0.085445,23.382702,332.156559,38.885586,"['CZ0009', 'CZ000F']",CZ
Europe_WestAsia,2024,20240429005752_ggjMN,2024-04-29 00:57:52.405668,38.877295,-149.92229499999996,6.82947,38.17536,0.948968,0.077593,23.225692,333.565191,38.887905,"['UK002F', 'UK003W', 'UK005E', 'UK005G', 'UK006B', 'UK006D', 'UK00AN', 'UK00B1', 'UK00BC']",UK
Europe_WestAsia,2025,20250424014938_M20Bz,2025-04-24 01:49:38.278059,33.79407,-150.42381999999998,7.7783,39.55997,0.955917,0.078233,27.511945,332.483706,33.802132,"['ES000U', 'PT0002']",ES;PT
Europe_WestAsia,2025,20250426232357_GNe2H,2025-04-26 23:23:57.251683,36.617458,-149.13005799999996,8.26014,37.09791,0.937301,0.085041,26.327681,333.148277,36.625713,"['CZ000A', 'CZ000P']",CZ
Europe_WestAsia,2025,20250428020357_dwsno,2025-04-28 02:03:57.517293,37.698592,-149.48385199999996,7.4495,38.33222,0.949177,0.076587,25.755898,333.799151,37.708038,"['ES0004', 'ES000D']",ES
Europe_WestAsia,2025,20250428021707_CJzTI,2025-04-28 02:17:07.207075,37.707483,-149.54425300000003,6.20393,35.3517,0.926364,0.090963,17.954859,333.061313,37.721563,"['UK0025', 'UK008Q', 'UK00A2', 'UK00AB']",UK
Europe_WestAsia,2025,20250428022950_dNshR,2025-04-28 02:29:50.705046,37.716079,-150.00255900000002,6.94796,39.0362,0.954968,0.074077,24.781834,333.69481,37.726199,"['UK000F', 'UK003N', 'UK0045', 'UK005P', 'UK006U', 'UK0079', 'UK008T', 'UK00AF', 'UK00AK', 'UK00CA']",UK
Europe_WestAsia,2025,20250429001847_zeGx1,2025-04-29 00:18:47.527942,38.600068,-150.43268799999998,6.7139,39.00217,0.954759,0.076294,23.510748,333.148634,38.610955,"['RU0001', 'RU0003']",RU
Europe_WestAsia,2025,20250429214658_ayS3e,2025-04-29 21:46:58.908387,39.469616,-150.02437599999996,7.14044,38.2375,0.948542,0.079461,24.093444,333.140586,39.476614,"['ES000D', 'ES000F']",ES
Europe_WestAsia,2025,20250429224526_DzIb1,2025-04-29 22:45:26.427644,39.509065,-149.66432499999996,6.78304,37.19999,0.941657,0.081618,21.898801,333.481002,39.520191,"['RU0008', 'RU000M']",RU
Europe_WestAsia,2026,20260423230853_2qTxc,2026-04-23 23:08:53.741154,33.43808,-148.81608,7.8008,40.04975,0.961123,0.064974,30.911154,335.306465,33.444826,"['IL0002', 'IL000A']",IL
Europe_WestAsia,2026,20260427002038_2awRc,2026-04-27 00:20:38.393886,36.407657,-148.52603699999997,6.79759,38.67146,0.95528,0.065297,25.618085,336.0554,36.416176,"['IE000N', 'UK007A']",IE;UK
Europe_WestAsia,2026,20260427233017_ZB8Um,2026-04-27 23:30:17.311098,37.346172,-149.827942,6.92104,38.18236,0.948961,0.0773,23.590727,333.635309,37.356322,"['HU000C', 'RO0002', 'RO0007', 'RO000C']",HU;RO
Europe_WestAsia,2026,20260427234146_xo1vL,2026-04-27 23:41:46.708968,37.35393,-149.33317999999997,7.18042,38.39145,0.950783,0.073747,25.286643,334.338586,37.363391,"['CZ000C', 'CZ000Q', 'CZ000R', 'RO0002', 'RO0003', 'SK0006']",CZ;RO;SK
Europe_WestAsia,2026,20260428010436_aoUBc,2026-04-28 01:04:36.087123,37.409847,-149.780597,7.68781,38.31631,0.948057,0.079566,26.07822,333.162866,37.419097,"['UK003X', 'UK00A4', 'UK00B1']",UK
Europe_WestAsia,2026,20260428020516_p8Fz4,2026-04-28 02:05:16.809681,37.450814,-150.713884,7.82324,38.80579,0.950253,0.084232,26.106662,331.706676,37.460923,"['CZ0008', 'CZ000K', 'DE0016', 'SK0003', 'SK0004']",CZ;DE;SK
Oceania_EastAsia_Africa,2023,20230426164546_Bl5Dk,2023-04-26 16:45:46.211967,35.881789,-148.718619,8.66179,35.54906,0.923045,0.093459,25.241158,332.848943,35.885661,"['NZ000A', 'NZ000D', 'NZ0015']",NZ
Oceania_EastAsia_Africa,2023,20230427114842_eeUr9,2023-04-27 11:48:42.378449,36.65424,-150.06493999999998,6.28516,36.40099,0.934746,0.087892,19.043828,332.743297,36.663567,"['NZ000V', 'NZ0011', 'NZ001Z']",NZ
Oceania_EastAsia_Africa,2023,20230428145855_COdzl,2023-04-28 14:58:55.535051,37.755387,-149.02380699999998,6.06868,38.29228,0.953402,0.067848,22.058758,335.606194,37.762883,"['AU000A', 'AU000G', 'AU0010']",AU
Oceania_EastAsia_Africa,2023,20230429154713_gRlzV,2023-04-29 15:47:13.820517,38.760031,-150.29698099999996,7.15444,37.82582,0.944744,0.083782,23.22196,332.517617,38.765124,"['NZ000D', 'NZ000K', 'NZ000M', 'NZ000N', 'NZ000V', 'NZ0011', 'NZ0020']",NZ
Oceania_EastAsia_Africa,2023,20230430112510_R3y4j,2023-04-30 11:25:10.052978,39.554738,-150.25718799999999,7.29404,37.89602,0.945102,0.083606,23.773715,332.519708,39.562618,"['NZ000L', 'NZ000V']",NZ
Oceania_EastAsia_Africa,2024,20240426174706_dAiNC,2024-04-26 17:47:06.443101,36.642392,-148.866292,8.06791,35.02836,0.919762,0.095027,22.869711,332.884655,36.64786,"['NZ0010', 'NZ0019', 'NZ002F', 'NZ003V']",NZ
Oceania_EastAsia_Africa,2024,20240426175119_GStop,2024-04-26 17:51:19.987291,36.645246,-148.829616,7.29773,36.77625,0.938382,0.080263,23.5678,334.269312,36.655876,"['KR000R', 'KR000Y']",KR
Oceania_EastAsia_Africa,2024,20240428123539_T6Djd,2024-04-28 12:35:39.041305,38.376468,-149.251328,9.06675,36.69336,0.931047,0.091928,27.624616,332.206583,38.382186,"['NZ0014', 'NZ002N', 'NZ003E', 'NZ003R']",NZ
Oceania_EastAsia_Africa,2024,20240428132311_4Rw3t,2024-04-28 13:23:11.025151,38.408545,-149.73900500000002,7.45229,40.12267,0.961755,0.068547,28.646442,334.269204,38.414228,"['NZ0007', 'NZ000B', 'NZ0029']",NZ
Oceania_EastAsia_Africa,2024,20240428132723_YoJCh,2024-04-28 13:27:23.732129,38.411387,-150.12804699999998,7.01228,37.59801,0.943397,0.083294,22.667321,332.811834,38.419003,"['NZ0009', 'NZ000M', 'NZ0020']",NZ
Oceania_EastAsia_Africa,2024,20240429152411_ReB2Q,2024-04-29 15:24:11.144332,39.461709,-150.775849,7.37346,38.13281,0.945909,0.08644,23.781006,331.709541,39.467888,"['NZ0020', 'NZ003Z']",NZ
Oceania_EastAsia_Africa,2025,20250424113355_orZBq,2025-04-24 11:33:55.038422,34.189492,-148.75784199999998,7.4806,38.2332,0.949345,0.072481,26.549929,334.867234,34.196226,"['NZ0023', 'NZ002Y', 'NZ003C', 'NZ003T']",NZ
Oceania_EastAsia_Africa,2025,20250424205212_hkMYq,2025-04-24 20:52:12.815328,34.567261,-150.35412099999996,8.25481,37.80698,0.940874,0.08985,26.029842,331.464788,34.575917,"['MY000C', 'MY000E']",MY
Oceania_EastAsia_Africa,2025,20250425135239_dV5qL,2025-04-25 13:52:39.782124,35.257565,-148.283885,8.05449,36.12586,0.931409,0.084121,25.088404,334.184009,35.263744,"['NZ000L', 'NZ0029']",NZ
Oceania_EastAsia_Africa,2025,20250425150758_nITBy,2025-04-25 15:07:58.556648,35.308503,-148.496033,8.74096,39.2947,0.953653,0.071506,32.648863,334.548935,35.313702,"['KR000P', 'KR002R']",KR
Oceania_EastAsia_Africa,2025,20250426152659_6Gcpz,2025-04-26 15:26:59.040343,36.29505,-149.84479999999996,6.33271,37.62138,0.945564,0.078801,20.972475,333.687584,36.301402,"['NZ0013', 'NZ001X', 'NZ003U', 'NZ004E', 'NZ004Y']",NZ
Oceania_EastAsia_Africa,2025,20250427101726_SpGVY,2025-04-27 10:17:26.794108,37.059102,-149.551112,8.28176,37.43939,0.93932,0.086115,26.471852,332.610027,37.067345,"['NZ000L', 'NZ000V']",NZ
Oceania_EastAsia_Africa,2025,20250427143535_kHfIE,2025-04-27 14:35:35.114966,37.233529,-149.45607900000005,7.29738,37.31953,0.94146,0.081645,23.716162,333.489939,37.23963,"['NZ000D', 'NZ000M', 'NZ000N', 'NZ0011', 'NZ001Z', 'NZ0020', 'NZ002E', 'NZ003Z']",NZ
Oceania_EastAsia_Africa,2025,20250427163849_iIo6c,2025-04-27 16:38:49.572867,37.316799,-149.949699,7.88729,36.63561,0.932716,0.092072,23.741852,331.951227,37.323021,"['AU002C', 'AU003J']",AU
Oceania_EastAsia_Africa,2025,20250428034614_PK2wc,2025-04-28 03:46:14.110521,37.76768,-148.93184000000002,7.34708,38.93427,0.954867,0.069078,27.244506,335.060256,37.770696,"['ZA0001', 'ZA000C']",ZA
Oceania_EastAsia_Africa,2025,20250428165803_A6kVU,2025-04-28 16:58:03.660431,38.302471,-150.442051,6.75169,38.99637,0.954592,0.076556,23.608215,333.104884,38.306647,"['NZ0016', 'NZ0033', 'NZ003W']",NZ
Oceania_EastAsia_Africa,2025,20250428193144_cKN3Y,2025-04-28 19:31:44.672335,38.406249,-149.21747900000003,6.96784,35.65278,0.928233,0.089164,20.635153,333.288125,38.418898,"['KR0004', 'KR001P']",KR
Oceania_EastAsia_Africa,2025,20250428203753_lOpUS,2025-04-28 20:37:53.602769,38.450916,-149.483406,7.48647,39.01224,0.954249,0.072955,27.059752,334.095587,38.453876,"['AU0002', 'AU001P']",AU
Oceania_EastAsia_Africa,2025,20250429205604_gpO44,2025-04-29 20:56:04.776613,39.435264,-149.46108400000003,7.50752,37.59731,0.94341,0.080776,24.775355,333.473383,39.439058,"['AU001E', 'AU003E']",AU
Oceania_EastAsia_Africa,2025,20250430173153_WJqAL,2025-04-30 17:31:53.707396,40.269068,-150.179168,7.26647,37.80229,0.944508,0.083634,23.628056,332.59552,40.2746,"['AU000D', 'AU001W']",AU
Oceania_EastAsia_Africa,2026,20260423142339_wsoeG,2026-04-23 14:23:39.982494,33.082562,-150.023372,6.59508,39.90538,0.961661,0.068129,25.013041,334.367551,33.09014,"['AU001E', 'AU0029']",AU
Oceania_EastAsia_Africa,2026,20260424143443_ptiZ9,2026-04-24 14:34:43.631963,34.064564,-149.791604,7.01732,39.46463,0.95802,0.070605,25.941976,334.194649,34.071687,"['AU000A', 'AU001A']",AU
Oceania_EastAsia_Africa,2026,20260424145224_Vtxm5,2026-04-24 14:52:24.369118,34.076524,-148.19431400000002,7.20327,37.3715,0.944907,0.07227,24.940889,335.553117,34.081513,"['NZ001X', 'NZ0061']",NZ
Oceania_EastAsia_Africa,2026,20260424180050_q8DQq,2026-04-24 18:00:50.262451,34.203999,-148.90242899999998,7.45132,35.51842,0.926185,0.089697,21.955486,333.401342,34.209012,"['NZ0004', 'NZ001Q', 'NZ003B', 'NZ003C', 'NZ004H', 'NZ005G']",NZ
Oceania_EastAsia_Africa,2026,20260425113533_Atn2T,2026-04-25 11:35:33.777416,34.917334,-149.525104,8.10064,36.26493,0.92959,0.092121,24.143179,332.323682,34.924544,"['NZ0014', 'NZ003K', 'NZ004N', 'NZ005B', 'NZ005R']",NZ
Oceania_EastAsia_Africa,2026,20260425154634_O1MYq,2026-04-25 15:46:34.953579,35.087058,-149.661658,6.00457,37.39994,0.944995,0.077499,19.876284,334.102669,35.093852,"['NZ000H', 'NZ0010', 'NZ0021', 'NZ002F', 'NZ003V', 'NZ003Z']",NZ
Oceania_EastAsia_Africa,2026,20260425164649_nWPDm,2026-04-25 16:46:49.116152,35.127783,-150.29103299999997,7.58132,38.25752,0.946865,0.083289,25.025001,332.353538,35.133419,"['AU001C', 'AU001D', 'AU0029', 'AU002C', 'AU0030']",AU
Oceania_EastAsia_Africa,2026,20260425201637_w7ZcL,2026-04-25 20:16:37.988807,35.269628,-148.550908,7.68915,36.65437,0.936773,0.080876,24.722716,334.321828,35.273209,"['AU001X', 'AU002A']",AU
Oceania_EastAsia_Africa,2026,20260426105134_2zfJr,2026-04-26 10:51:34.584449,35.861002,-149.36074200000002,7.89324,36.69419,0.9346,0.087206,24.46236,332.936903,35.868946,"['NZ001G', 'NZ001S', 'NZ002Q', 'NZ002Z', 'NZ004U']",NZ
Oceania_EastAsia_Africa,2026,20260426123712_IQJc2,2026-04-26 12:37:12.173650,35.93238,-149.26193,7.08697,35.81465,0.929265,0.088728,21.128338,333.249811,35.939996,"['NZ002Q', 'NZ002V', 'NZ003Q', 'NZ004U', 'NZ006P']",NZ
Oceania_EastAsia_Africa,2026,20260426161234_5oUVf,2026-04-26 16:12:34.188292,36.077907,-148.23909700000002,7.72182,35.99329,0.931785,0.082879,24.078927,334.474783,36.083209,"['AU000Q', 'AU000R', 'AU000S', 'AU004L']",AU
Oceania_EastAsia_Africa,2026,20260427140245_Jbgsi,2026-04-27 14:02:45.137440,36.962943,-149.546203,6.97745,37.96354,0.947577,0.076835,23.734729,333.943637,36.968438,"['NZ001G', 'NZ003E', 'NZ003N', 'NZ004J', 'NZ005A', 'NZ006L']",NZ
Oceania_EastAsia_Africa,2026,20260427172836_yX2rI,2026-04-27 17:28:36.387284,37.101956,-148.823306,6.88841,37.53124,0.945918,0.073983,23.612971,334.946515,37.106456,"['NZ001S', 'NZ005F']",NZ
Oceania_EastAsia_Africa,2026,20260427172853_V3jRd,2026-04-27 17:28:53.250560,37.102146,-148.650936,6.94191,37.20834,0.943572,0.074937,23.444483,335.01155,37.106919,"['NZ0017', 'NZ001J', 'NZ001S', 'NZ0024', 'NZ002J', 'NZ002L', 'NZ006M']",NZ
Oceania_EastAsia_Africa,2026,20260428155051_Lzxyt,2026-04-28 15:50:51.167236,38.008093,-149.13958300000002,7.35681,38.73318,0.953235,0.071274,26.676508,334.681881,38.012074,"['NZ0033', 'NZ003W', 'NZ005F']",NZ
Oceania_EastAsia_Africa,2026,20260429073857_2MQ6I,2026-04-29 07:38:57.731946,38.647866,-150.07529599999998,7.77074,38.5194,0.949059,0.080831,26.30854,332.715331,38.657923,"['NZ005C', 'NZ005T']",NZ
Oceania_EastAsia_Africa,2026,20260429152208_vzwjo,2026-04-29 15:22:08.059383,38.960325,-149.51687499999997,7.04178,37.47298,0.943681,0.079641,23.230951,333.731144,38.965919,"['NZ001S', 'NZ0024', 'NZ002Z', 'NZ004A']",NZ
Oceania_EastAsia_Africa,2026,20260429171643_xGAc2,2026-04-29 17:16:43.185640,39.037616,-149.70480600000002,8.14965,39.37993,0.954985,0.075435,29.415672,333.346869,39.041384,"['NZ0012', 'NZ004F', 'NZ007B']",NZ
Oceania_EastAsia_Africa,2026,20260430124302_Q3Sy7,2026-04-30 12:43:02.433106,39.82415,-148.12719000000004,7.73132,34.83931,0.921692,0.089357,22.468649,334.148022,39.831927,"['NZ002K', 'NZ002P', 'NZ004B', 'NZ004L']",NZ
