fit_error_arcsec,minimum_stations,radiant_sigma_radius,time_half_width_deg,activity_table,odds_ratio,activity_p,members,members_by_year,represented_years,orbit_median_d,orbit_q90_d,maximum_cross_year_medoid_d,eligible,passed
120.0,2,2.5,3.0,"[[74, 10842], [36, 39769]]",7.539880915780197,8.95231356390019e-25,74,"{'2022': 9, '2023': 6, '2024': 9, '2025': 27, '2026': 23}",5,0.03863720270352316,0.07892750162306639,0.04077520923767825,True,True
120.0,2,2.5,4.0,"[[79, 14328], [36, 39769]]",6.090931121657671,4.751957972875109e-21,79,"{'2022': 9, '2023': 6, '2024': 10, '2025': 30, '2026': 24}",5,0.03978201475027804,0.07880833540853849,0.05044011767558817,True,True
120.0,2,2.5,5.0,"[[86, 17392], [36, 39769]]",5.462495527956659,1.1393301458523635e-19,86,"{'2022': 9, '2023': 6, '2024': 11, '2025': 31, '2026': 29}",5,0.04248808276700039,0.0962781588853284,0.05044011767558817,True,True
120.0,2,3.0,3.0,"[[84, 10832], [64, 39741]]",4.815367660635155,1.0978107020934269e-20,84,"{'2022': 9, '2023': 8, '2024': 11, '2025': 30, '2026': 26}",5,0.04241631550572261,0.08652912029399533,0.05044011767558817,True,True
120.0,2,3.0,4.0,"[[91, 14316], [64, 39741]]",3.9471035467309306,3.6417447868796065e-17,91,"{'2022': 9, '2023': 8, '2024': 12, '2025': 33, '2026': 29}",5,0.04404321541797991,0.08440939334124593,0.05044011767558817,True,True
120.0,2,3.0,5.0,"[[100, 17378], [64, 39741]]",3.5732139774427436,7.377453526804436e-16,100,"{'2022': 9, '2023': 9, '2024': 13, '2025': 35, '2026': 34}",5,0.046851151313861084,0.10402064921360607,0.049960106986179746,True,True
120.0,2,3.5,3.0,"[[93, 10823], [106, 39699]]",3.2181700745616864,2.341951119057351e-15,93,"{'2022': 10, '2023': 11, '2024': 11, '2025': 31, '2026': 30}",5,0.04499975530730472,0.09392619793435524,0.05044011767558817,True,True
120.0,2,3.5,4.0,"[[109, 14298], [106, 39699]]",2.855123556005986,4.2057305708162e-14,109,"{'2022': 11, '2023': 12, '2024': 12, '2025': 37, '2026': 37}",5,0.049960106986179746,0.12079383045530014,0.05596257915434147,True,True
120.0,2,3.5,5.0,"[[124, 17354], [106, 39699]]",2.6760596763075664,1.308896880961009e-13,124,"{'2022': 11, '2023': 14, '2024': 13, '2025': 40, '2026': 46}",5,0.055019106791508565,0.13316697831164745,0.049960106986179746,True,True
120.0,3,2.5,3.0,"[[39, 5667], [14, 20445]]",10.050102094834758,1.2570085877015947e-15,39,"{'2022': 3, '2023': 3, '2024': 5, '2025': 10, '2026': 18}",5,0.03865470729566165,0.06815805647843451,0.06850863635250068,True,True
120.0,3,2.5,4.0,"[[43, 7512], [14, 20445]]",8.35933934276586,3.360492026063407e-14,43,"{'2022': 3, '2023': 3, '2024': 6, '2025': 12, '2026': 19}",5,0.04218162901065501,0.08800526580292876,0.06850863635250068,True,True
120.0,3,2.5,5.0,"[[48, 9063], [14, 20445]]",7.734430415661796,5.156584668660568e-14,48,"{'2022': 3, '2023': 3, '2024': 7, '2025': 12, '2026': 23}",5,0.04435544604585265,0.10588820114647671,0.05427174347001827,True,True
120.0,3,3.0,3.0,"[[46, 5660], [26, 20433]]",6.387048110899701,1.849995279681362e-14,46,"{'2022': 3, '2023': 5, '2024': 7, '2025': 11, '2026': 20}",5,0.042906016744148325,0.07906590797271806,0.06850863635250068,True,True
120.0,3,3.0,4.0,"[[50, 7505], [26, 20433]]",5.235740275713627,1.7236979251071328e-12,50,"{'2022': 3, '2023': 5, '2024': 8, '2025': 13, '2026': 21}",5,0.045291173881308176,0.09290349592393975,0.06850863635250068,True,True
120.0,3,3.0,5.0,"[[55, 9056], [26, 20433]]",4.7729299741777655,6.956416052891942e-12,55,"{'2022': 3, '2023': 5, '2024': 9, '2025': 13, '2026': 25}",5,0.04872301558745127,0.10392514285730244,0.05427174347001827,True,True
120.0,3,3.5,3.0,"[[51, 5655], [40, 20419]]",4.603753315649867,1.2057342898216308e-12,51,"{'2022': 3, '2023': 5, '2024': 7, '2025': 11, '2026': 25}",5,0.04489089950797604,0.09776822447663026,0.056835035323304896,True,True
120.0,3,3.5,4.0,"[[59, 7496], [40, 20419]]",4.017879535752401,9.070324944603069e-12,59,"{'2022': 3, '2023': 6, '2024': 8, '2025': 14, '2026': 28}",5,0.05153370367660388,0.12286966892821087,0.04294413499476811,True,True
120.0,3,3.5,5.0,"[[66, 9045], [40, 20419]]",3.72485903814262,2.303087022464524e-11,66,"{'2022': 3, '2023': 6, '2024': 9, '2025': 14, '2026': 34}",5,0.05412913012115918,0.1144248658989358,0.04294413499476811,True,True
120.0,4,2.5,3.0,"[[29, 3485], [11, 12111]]",9.161836441893831,2.3099848961486215e-11,29,"{'2022': 2, '2023': 2, '2024': 3, '2025': 7, '2026': 15}",5,0.036400407862188906,0.05973410513541146,0.03162121857158853,True,True
120.0,4,2.5,4.0,"[[30, 4596], [11, 12111]]",7.18668407310705,1.7084897009058052e-09,30,"{'2022': 2, '2023': 2, '2024': 3, '2025': 8, '2026': 15}",5,0.03752755757892528,0.06103540544756203,0.03162121857158853,True,True
120.0,4,2.5,5.0,"[[32, 5519], [11, 12111]]",6.383765174850517,8.241889053860525e-09,32,"{'2022': 2, '2023': 2, '2024': 3, '2025': 8, '2026': 17}",5,0.03891770150090819,0.09178665019337393,0.03162121857158853,True,True
120.0,4,3.0,3.0,"[[32, 3482], [20, 12102]]",5.560941987363584,1.560638892826124e-09,32,"{'2022': 2, '2023': 2, '2024': 4, '2025': 7, '2026': 17}",5,0.03891770150090819,0.0682347192054468,0.04298122885284789,True,True
120.0,4,3.0,4.0,"[[33, 4593], [20, 12102]]",4.3475506205094705,1.398747802329605e-07,33,"{'2022': 2, '2023': 2, '2024': 4, '2025': 8, '2026': 17}",5,0.039180695706154726,0.07719065370102193,0.04298122885284789,True,True
120.0,4,3.0,5.0,"[[35, 5516], [20, 12102]]",3.839467005076142,8.552789178805273e-07,35,"{'2022': 2, '2023': 2, '2024': 4, '2025': 8, '2026': 19}",5,0.04218162901065501,0.08957595081254731,0.04298122885284789,True,True
120.0,4,3.5,3.0,"[[36, 3478], [29, 12093]]",4.31627372052904,8.46461962528048e-09,36,"{'2022': 2, '2023': 2, '2024': 4, '2025': 7, '2026': 21}",5,0.046725896044925885,0.08612851377106179,0.04298122885284789,True,True
120.0,4,3.5,4.0,"[[41, 4585], [29, 12093]]",3.728898582333697,5.332718510194081e-08,41,"{'2022': 2, '2023': 3, '2024': 4, '2025': 9, '2026': 23}",5,0.05063626981232832,0.09694664490967166,0.06850408505296264,True,True
120.0,4,3.5,5.0,"[[45, 5506], [29, 12093]]",3.408100254268071,1.706702326029338e-07,45,"{'2022': 2, '2023': 3, '2024': 4, '2025': 9, '2026': 27}",5,0.05425297762387548,0.1166522325535003,0.06850408505296264,True,True
180.0,2,2.5,3.0,"[[77, 11006], [36, 40374]]",7.846220243503543,2.821682266649739e-26,77,"{'2022': 10, '2023': 6, '2024': 10, '2025': 28, '2026': 23}",5,0.03886589309369469,0.0803022391147018,0.05044011767558817,True,True
180.0,2,2.5,4.0,"[[82, 14554], [36, 40374]]",6.318743987907105,2.741329101007041e-22,82,"{'2022': 10, '2023': 6, '2024': 11, '2025': 31, '2026': 24}",5,0.04019571221917833,0.07739771206086374,0.05044011767558817,True,True
180.0,2,2.5,5.0,"[[89, 17674], [36, 40374]]",5.647476519180717,9.4406300185628e-21,89,"{'2022': 10, '2023': 6, '2024': 12, '2025': 32, '2026': 29}",5,0.042293894791868555,0.09452964630802357,0.05044011767558817,True,True
180.0,2,3.0,3.0,"[[89, 10994], [64, 40346]]",5.103343300891395,7.746892178680322e-23,89,"{'2022': 10, '2023': 8, '2024': 13, '2025': 32, '2026': 26}",5,0.043038052602792295,0.08947590811696962,0.05044011767558817,True,True
180.0,2,3.0,4.0,"[[96, 14540], [64, 40346]]",4.162242090784044,6.507450507440471e-19,96,"{'2022': 10, '2023': 8, '2024': 14, '2025': 35, '2026': 29}",5,0.04401330859770221,0.09049191165594403,0.05044011767558817,True,True
180.0,2,3.0,5.0,"[[105, 17658], [64, 40346]]",3.7485930598029222,2.249402508449675e-17,105,"{'2022': 10, '2023': 9, '2024': 15, '2025': 37, '2026': 34}",5,0.046221516700876396,0.10502283818270577,0.049960106986179746,True,True
180.0,2,3.5,3.0,"[[98, 10985], [107, 40303]]",3.3603120653057057,6.494406940850506e-17,98,"{'2022': 11, '2023': 11, '2024': 13, '2025': 33, '2026': 30}",5,0.044654003164974615,0.09680935291138011,0.05044011767558817,True,True
180.0,2,3.5,4.0,"[[114, 14522], [107, 40303]]",2.956868534624231,2.3761257292981163e-15,114,"{'2022': 12, '2023': 12, '2024': 14, '2025': 39, '2026': 37}",5,0.04992440266969575,0.10954834313090595,0.05596257915434147,True,True
180.0,2,3.5,5.0,"[[129, 17634], [107, 40303]]",2.7554495934468144,1.1409453295908607e-14,129,"{'2022': 12, '2023': 14, '2024': 15, '2025': 42, '2026': 46}",5,0.055480427289299215,0.13461878253806317,0.049960106986179746,True,True
180.0,3,2.5,3.0,"[[40, 5777], [14, 20846]]",10.309849402804224,3.664528133403775e-16,40,"{'2022': 4, '2023': 3, '2024': 5, '2025': 10, '2026': 18}",5,0.03891770150090819,0.06804790158926419,0.08447124790785292,True,True
180.0,3,2.5,4.0,"[[44, 7656], [14, 20846]]",8.557471264367816,1.17497804282178e-14,44,"{'2022': 4, '2023': 3, '2024': 6, '2025': 12, '2026': 19}",5,0.042963694807329714,0.08563451952653728,0.08447124790785292,True,True
180.0,3,2.5,5.0,"[[49, 9243], [14, 20846]]",7.893649248079628,2.049100014707985e-14,49,"{'2022': 4, '2023': 3, '2024': 7, '2025': 12, '2026': 23}",5,0.04444997176720704,0.1048039867264702,0.08447124790785292,True,True
180.0,3,3.0,3.0,"[[48, 5769], [26, 20834]]",6.667146685867435,2.0639344530111045e-15,48,"{'2022': 4, '2023': 5, '2024': 7, '2025': 12, '2026': 20}",5,0.04409537845269694,0.08520842922697747,0.08447124790785292,True,True
180.0,3,3.0,4.0,"[[52, 7648], [26, 20834]]",5.448221757322176,2.7628706726257305e-13,52,"{'2022': 4, '2023': 5, '2024': 8, '2025': 14, '2026': 21}",5,0.046487846285910295,0.0941573964697653,0.08447124790785292,True,True
180.0,3,3.0,5.0,"[[57, 9235], [26, 20834]]",4.945808171254842,1.400362070935476e-12,57,"{'2022': 4, '2023': 5, '2024': 9, '2025': 14, '2026': 25}",5,0.04872301558745127,0.10646474945123778,0.08447124790785292,True,True
180.0,3,3.5,3.0,"[[53, 5764], [40, 20820]]",4.785999306037474,1.7390675298078273e-13,53,"{'2022': 4, '2023': 5, '2024': 7, '2025': 12, '2026': 25}",5,0.046990512304678864,0.10122781911078581,0.08447124790785292,True,True
180.0,3,3.5,4.0,"[[61, 7639], [40, 20820]]",4.156368634638041,1.7657446894588311e-12,61,"{'2022': 4, '2023': 6, '2024': 8, '2025': 15, '2026': 28}",5,0.05153370367660388,0.12329843405398411,0.07038288063520268,True,True
180.0,3,3.5,5.0,"[[68, 9224], [40, 20820]]",3.8371639202081527,5.5101696270037714e-12,68,"{'2022': 4, '2023': 6, '2024': 9, '2025': 15, '2026': 34}",5,0.05430804848214881,0.1146541959934124,0.07038288063520268,True,True
180.0,4,2.5,3.0,"[[30, 3551], [11, 12301]]",9.44753078518215,7.547052626338843e-12,30,"{'2022': 3, '2023': 2, '2024': 3, '2025': 7, '2026': 15}",5,0.03752755757892528,0.0596826077372848,0.06054426272731777,True,True
180.0,4,2.5,4.0,"[[31, 4682], [11, 12301]]",7.4041978952273695,6.738388446122431e-10,31,"{'2022': 3, '2023': 2, '2024': 3, '2025': 8, '2026': 15}",5,0.03865470729566165,0.06014608432042478,0.06054426272731777,True,True
180.0,4,2.5,5.0,"[[33, 5621], [11, 12301]]",6.565201921366305,3.6189792996671467e-09,33,"{'2022': 3, '2023': 2, '2024': 3, '2025': 8, '2026': 17}",5,0.039180695706154726,0.08925916634875425,0.06054426272731777,True,True
180.0,4,3.0,3.0,"[[34, 3547], [20, 12292]]",5.8912884127431635,2.117539126273106e-10,34,"{'2022': 3, '2023': 2, '2024': 4, '2025': 8, '2026': 17}",5,0.04068116235840487,0.07617173393736883,0.07860297449804203,True,True
180.0,4,3.0,4.0,"[[35, 4678], [20, 12292]]",4.59833262077811,2.7713460798207707e-08,35,"{'2022': 3, '2023': 2, '2024': 4, '2025': 9, '2026': 17}",5,0.04218162901065501,0.08117260287595805,0.07860297449804203,True,True
180.0,4,3.0,5.0,"[[37, 5617], [20, 12292]]",4.048460032045576,2.0892250502073569e-07,37,"{'2022': 3, '2023': 2, '2024': 4, '2025': 9, '2026': 19}",5,0.04821712959112441,0.0960731109318055,0.07860297449804203,True,True
180.0,4,3.5,3.0,"[[38, 3543], [29, 12283]]",4.54275063992136,1.4171878496487856e-09,38,"{'2022': 3, '2023': 2, '2024': 4, '2025': 8, '2026': 21}",5,0.04909485315624369,0.09951783950190499,0.07860297449804203,True,True
180.0,4,3.5,4.0,"[[43, 4670], [29, 12283]]",3.8999409288931552,1.2093684357882333e-08,43,"{'2022': 3, '2023': 3, '2024': 4, '2025': 10, '2026': 23}",5,0.05400528261844288,0.10638668973122477,0.08447124790785292,True,True
180.0,4,3.5,5.0,"[[47, 5607], [29, 12283]]",3.5503711493637877,4.6396660374550716e-08,47,"{'2022': 3, '2023': 3, '2024': 4, '2025': 10, '2026': 27}",5,0.05436311934042214,0.11632506493059841,0.08447124790785292,True,True
240.0,2,2.5,3.0,"[[77, 11010], [36, 40387]]",7.845895145827026,2.8277011693114245e-26,77,"{'2022': 10, '2023': 6, '2024': 10, '2025': 28, '2026': 23}",5,0.03886589309369469,0.0803022391147018,0.05044011767558817,True,True
240.0,2,2.5,4.0,"[[82, 14559], [36, 40387]]",6.318607810365486,2.744219530332602e-22,82,"{'2022': 10, '2023': 6, '2024': 11, '2025': 31, '2026': 24}",5,0.04019571221917833,0.07739771206086374,0.05044011767558817,True,True
240.0,2,2.5,5.0,"[[89, 17681], [36, 40387]]",5.647058361455172,9.4759971241759e-21,89,"{'2022': 10, '2023': 6, '2024': 12, '2025': 32, '2026': 29}",5,0.042293894791868555,0.09452964630802357,0.05044011767558817,True,True
240.0,2,3.0,3.0,"[[89, 10998], [64, 40359]]",5.103130966993999,7.764553013078394e-23,89,"{'2022': 10, '2023': 8, '2024': 13, '2025': 32, '2026': 26}",5,0.043038052602792295,0.08947590811696962,0.05044011767558817,True,True
240.0,2,3.0,4.0,"[[96, 14545], [64, 40359]]",4.162151942248196,6.514732764680876e-19,96,"{'2022': 10, '2023': 8, '2024': 14, '2025': 35, '2026': 29}",5,0.04401330859770221,0.09049191165594403,0.05044011767558817,True,True
240.0,2,3.0,5.0,"[[105, 17665], [64, 40359]]",3.7483149943390885,2.2582887335295324e-17,105,"{'2022': 10, '2023': 9, '2024': 15, '2025': 37, '2026': 34}",5,0.046221516700876396,0.10502283818270577,0.049960106986179746,True,True
240.0,2,3.5,3.0,"[[98, 10989], [107, 40316]]",3.3601724069013787,6.508679582428456e-17,98,"{'2022': 11, '2023': 11, '2024': 13, '2025': 33, '2026': 30}",5,0.044654003164974615,0.09680935291138011,0.05044011767558817,True,True
240.0,2,3.5,4.0,"[[114, 14527], [107, 40316]]",2.9568042491294007,2.378889009861344e-15,114,"{'2022': 12, '2023': 12, '2024': 14, '2025': 39, '2026': 37}",5,0.04992440266969575,0.10954834313090595,0.05596257915434147,True,True
240.0,2,3.5,5.0,"[[129, 17641], [107, 40316]]",2.7552446589216815,1.1457759014979567e-14,129,"{'2022': 12, '2023': 14, '2024': 15, '2025': 42, '2026': 46}",5,0.055480427289299215,0.13461878253806317,0.049960106986179746,True,True
240.0,3,2.5,3.0,"[[40, 5781], [14, 20854]]",10.306669632045864,3.6964775214954086e-16,40,"{'2022': 4, '2023': 3, '2024': 5, '2025': 10, '2026': 18}",5,0.03891770150090819,0.06804790158926419,0.08447124790785292,True,True
240.0,3,2.5,4.0,"[[44, 7661], [14, 20854]]",8.555168105618439,1.1839713506852692e-14,44,"{'2022': 4, '2023': 3, '2024': 6, '2025': 12, '2026': 19}",5,0.042963694807329714,0.08563451952653728,0.08447124790785292,True,True
240.0,3,2.5,5.0,"[[49, 9250], [14, 20854]]",7.890702702702702,2.0718697130585415e-14,49,"{'2022': 4, '2023': 3, '2024': 7, '2025': 12, '2026': 23}",5,0.04444997176720704,0.1048039867264702,0.08447124790785292,True,True
240.0,3,3.0,3.0,"[[48, 5773], [26, 20842]]",6.6650854774880415,2.0843261029597615e-15,48,"{'2022': 4, '2023': 5, '2024': 7, '2025': 12, '2026': 20}",5,0.04409537845269694,0.08520842922697747,0.08447124790785292,True,True
240.0,3,3.0,4.0,"[[52, 7653], [26, 20842]]",5.446752907356593,2.786054857481999e-13,52,"{'2022': 4, '2023': 5, '2024': 8, '2025': 14, '2026': 21}",5,0.046487846285910295,0.0941573964697653,0.08447124790785292,True,True
240.0,3,3.0,5.0,"[[57, 9242], [26, 20842]]",4.943959848850565,1.4169589147332948e-12,57,"{'2022': 4, '2023': 5, '2024': 9, '2025': 14, '2026': 25}",5,0.04872301558745127,0.10646474945123778,0.08447124790785292,True,True
240.0,3,3.5,3.0,"[[53, 5768], [40, 20828]]",4.784518030513176,1.7567721453101933e-13,53,"{'2022': 4, '2023': 5, '2024': 7, '2025': 12, '2026': 25}",5,0.046990512304678864,0.10122781911078581,0.08447124790785292,True,True
240.0,3,3.5,4.0,"[[61, 7644], [40, 20828]]",4.155245944531659,1.7819611336955016e-12,61,"{'2022': 4, '2023': 6, '2024': 8, '2025': 15, '2026': 28}",5,0.05153370367660388,0.12329843405398411,0.07038288063520268,True,True
240.0,3,3.5,5.0,"[[68, 9231], [40, 20828]]",3.8357274401473296,5.5826040275938405e-12,68,"{'2022': 4, '2023': 6, '2024': 9, '2025': 15, '2026': 34}",5,0.05430804848214881,0.1146541959934124,0.07038288063520268,True,True
240.0,4,2.5,3.0,"[[30, 3552], [11, 12304]]",9.447174447174447,7.552828495429309e-12,30,"{'2022': 3, '2023': 2, '2024': 3, '2025': 7, '2026': 15}",5,0.03752755757892528,0.0596826077372848,0.06054426272731777,True,True
240.0,4,2.5,4.0,"[[31, 4683], [11, 12304]]",7.404422184691243,6.734319597432397e-10,31,"{'2022': 3, '2023': 2, '2024': 3, '2025': 8, '2026': 15}",5,0.03865470729566165,0.06014608432042478,0.06054426272731777,True,True
240.0,4,2.5,5.0,"[[33, 5622], [11, 12304]]",6.565635005336179,3.614334947809477e-09,33,"{'2022': 3, '2023': 2, '2024': 3, '2025': 8, '2026': 17}",5,0.039180695706154726,0.08925916634875425,0.06054426272731777,True,True
240.0,4,3.0,3.0,"[[34, 3548], [20, 12295]]",5.891065388951522,2.1192530061709683e-10,34,"{'2022': 3, '2023': 2, '2024': 4, '2025': 8, '2026': 17}",5,0.04068116235840487,0.07617173393736883,0.07860297449804203,True,True
240.0,4,3.0,4.0,"[[35, 4679], [20, 12295]]",4.59847189570421,2.7696282067450616e-08,35,"{'2022': 3, '2023': 2, '2024': 4, '2025': 9, '2026': 17}",5,0.04218162901065501,0.08117260287595805,0.07860297449804203,True,True
240.0,4,3.0,5.0,"[[37, 5618], [20, 12295]]",4.04872730509078,2.086536005502478e-07,37,"{'2022': 3, '2023': 2, '2024': 4, '2025': 9, '2026': 19}",5,0.04821712959112441,0.0960731109318055,0.07860297449804203,True,True
240.0,4,3.5,3.0,"[[38, 3544], [29, 12286]]",4.542578033782206,1.4183971921167507e-09,38,"{'2022': 3, '2023': 2, '2024': 4, '2025': 8, '2026': 21}",5,0.04909485315624369,0.09951783950190499,0.07860297449804203,True,True
240.0,4,3.5,4.0,"[[43, 4671], [29, 12286]]",3.9000583202297374,1.2084953624194621e-08,43,"{'2022': 3, '2023': 3, '2024': 4, '2025': 10, '2026': 23}",5,0.05400528261844288,0.10638668973122477,0.08447124790785292,True,True
240.0,4,3.5,5.0,"[[47, 5608], [29, 12286]]",3.550605046977225,4.632439636442765e-08,47,"{'2022': 3, '2023': 3, '2024': 4, '2025': 10, '2026': 27}",5,0.05436311934042214,0.11632506493059841,0.08447124790785292,True,True
