setting_index,grid_sources,lon_scale_deg,lat_scale_deg,speed_scale_km_s,solar_scale_deg,min_cluster_size,min_samples,ranked_candidate_count,raw_candidate_count,target_opened_only_after_ranking,materialization_budget,tracked,rank,family_id,hierarchy_method,membership_mode,seed_reported,seed_overlap,seed_precision,seed_recall,seed_f1,within_top100,final_member_count,final_overlap,target_count,final_precision,final_recall,final_f1,overlap_2022,overlap_2023,overlap_2024,overlap_2025,overlap_2026
0,joint_extreme_interactions,2.5,2.0,1.5,1.5,6,2,8303,15712,True,100,True,7,FUSE3324bfb3338c9adab097c,leaf,crossfit_density_fdr_orbit_refinement,36,36,1.0,0.5714285714285714,0.7272727272727273,True,55,55,95,1.0,0.5789473684210527,0.7333333333333334,7,5,5,24,14
1,joint_extreme_interactions,2.5,2.0,1.5,1.5,6,6,3209,3703,True,100,True,4,LEAF2f554f2f40c9ea994968c,leaf,crossfit_density_fdr_orbit_refinement,42,41,0.9761904761904762,0.6507936507936508,0.7809523809523808,True,111,90,95,0.8108108108108109,0.9473684210526316,0.8737864077669902,10,8,14,33,25
2,scale_factorial,2.5,2.0,1.5,1.5,8,4,3481,4330,True,100,True,557,LEAF225cbf3d99b9d58f6ad53,leaf,crossfit_density_fdr_orbit_refinement,50,48,0.96,0.7619047619047619,0.8495575221238937,False,0,0,95,0.0,0.0,0.0,0,0,0,0,0
3,joint_extreme_interactions,2.5,2.0,1.5,1.5,12,2,3631,5857,True,100,True,696,FUSE3ad831e8a9e66ae3dee50,leaf,crossfit_density_fdr_orbit_refinement,52,49,0.9423076923076924,0.7777777777777778,0.8521739130434781,False,0,0,95,0.0,0.0,0.0,0,0,0,0,0
4,joint_extreme_interactions,2.5,2.0,1.5,1.5,12,6,1578,1750,True,100,True,6,LEAF2f554f2f40c9ea994968c,leaf,crossfit_density_fdr_orbit_refinement,42,41,0.9761904761904762,0.6507936507936508,0.7809523809523808,True,111,90,95,0.8108108108108109,0.9473684210526316,0.8737864077669902,10,8,14,33,25
5,scale_factorial,2.5,2.0,1.5,2.5,8,4,3844,5494,True,100,True,15,LEAF20f50471275352613d670,leaf,crossfit_density_fdr_orbit_refinement,44,43,0.9772727272727272,0.6825396825396826,0.8037383177570094,True,154,95,95,0.6168831168831169,1.0,0.7630522088353413,10,8,14,34,29
6,joint_extreme_interactions,2.5,2.0,1.5,3.5,6,2,9551,17533,True,100,True,869,REOM271aee68abb16ba2b45b8,recurrent_eom,crossfit_density_fdr_orbit_refinement,49,46,0.9387755102040816,0.7301587301587301,0.8214285714285714,False,0,0,95,0.0,0.0,0.0,0,0,0,0,0
7,joint_extreme_interactions,2.5,2.0,1.5,3.5,6,6,3654,3902,True,100,True,157,LEAF2c2b49a0201e7af431de7,leaf,crossfit_density_fdr_orbit_refinement,47,45,0.9574468085106383,0.7142857142857143,0.8181818181818182,False,0,0,95,0.0,0.0,0.0,0,0,0,0,0
8,scale_factorial,2.5,2.0,1.5,3.5,8,4,3936,4488,True,100,True,216,LEAF285ff90f5618ef852cd6e,leaf,crossfit_density_fdr_orbit_refinement,45,44,0.9777777777777776,0.6984126984126984,0.8148148148148148,False,0,0,95,0.0,0.0,0.0,0,0,0,0,0
9,joint_extreme_interactions,2.5,2.0,1.5,3.5,12,2,3984,4688,True,100,True,3,LEAF271aee68abb16ba2b45b8,leaf,crossfit_density_fdr_orbit_refinement,49,46,0.9387755102040816,0.7301587301587301,0.8214285714285714,True,142,95,95,0.6690140845070423,1.0,0.8016877637130801,10,8,14,34,29
10,joint_extreme_interactions,2.5,2.0,1.5,3.5,12,6,1858,1966,True,100,True,116,LEAF2c2b49a0201e7af431de7,leaf,crossfit_density_fdr_orbit_refinement,47,45,0.9574468085106383,0.7142857142857143,0.8181818181818182,False,0,0,95,0.0,0.0,0.0,0,0,0,0,0
11,scale_factorial,2.5,2.0,2.5,1.5,8,4,3822,5342,True,100,True,554,LEAF23090322bfa5096345726,leaf,crossfit_density_fdr_orbit_refinement,43,43,1.0,0.6825396825396826,0.8113207547169812,False,0,0,95,0.0,0.0,0.0,0,0,0,0,0
12,scale_factorial,2.5,2.0,2.5,2.5,8,4,4130,5672,True,100,True,378,LEAF2e541eb4cc3be7fff393f,leaf,crossfit_density_fdr_orbit_refinement,45,44,0.9777777777777776,0.6984126984126984,0.8148148148148148,False,0,0,95,0.0,0.0,0.0,0,0,0,0,0
13,scale_factorial,2.5,2.0,2.5,3.5,8,4,4381,6137,True,100,True,255,LEAF2202450ed722888f2cf25,leaf,crossfit_density_fdr_orbit_refinement,43,42,0.9767441860465116,0.6666666666666666,0.7924528301886793,False,0,0,95,0.0,0.0,0.0,0,0,0,0,0
14,joint_extreme_interactions,2.5,2.0,3.5,1.5,6,2,9254,20626,True,100,True,49,REOM24ef4dc664044ce94cc49,recurrent_eom,crossfit_density_fdr_orbit_refinement,40,38,0.95,0.6031746031746031,0.7378640776699029,True,122,91,95,0.7459016393442623,0.9578947368421052,0.8387096774193549,10,8,14,34,25
15,joint_extreme_interactions,2.5,2.0,3.5,1.5,6,6,3829,5705,True,100,True,34,LEAF221dc589f6958c522d66d,leaf,crossfit_density_fdr_orbit_refinement,41,40,0.975609756097561,0.6349206349206349,0.7692307692307692,True,98,86,95,0.8775510204081632,0.9052631578947368,0.8911917098445595,9,8,12,33,24
16,scale_factorial,2.5,2.0,3.5,1.5,8,4,4009,5152,True,100,True,644,LEAF226d0c7400c8e091bd715,leaf,crossfit_density_fdr_orbit_refinement,43,42,0.9767441860465116,0.6666666666666666,0.7924528301886793,False,0,0,95,0.0,0.0,0.0,0,0,0,0,0
17,joint_extreme_interactions,2.5,2.0,3.5,1.5,12,2,3945,5529,True,100,True,717,LEAF24f59ae407445cdbee333,leaf,crossfit_density_fdr_orbit_refinement,51,44,0.8627450980392157,0.6984126984126984,0.7719298245614035,False,0,0,95,0.0,0.0,0.0,0,0,0,0,0
18,joint_extreme_interactions,2.5,2.0,3.5,1.5,12,6,1826,2082,True,100,True,9,LEAF221dc589f6958c522d66d,leaf,crossfit_density_fdr_orbit_refinement,41,40,0.975609756097561,0.6349206349206349,0.7692307692307692,True,98,86,95,0.8775510204081632,0.9052631578947368,0.8911917098445595,9,8,12,33,24
19,scale_factorial,2.5,2.0,3.5,2.5,8,4,4380,6454,True,100,True,34,FUSE3cd7634681b6e1e289034,recurrent_eom,crossfit_density_fdr_orbit_refinement,50,47,0.94,0.746031746031746,0.831858407079646,True,150,95,95,0.6333333333333333,1.0,0.7755102040816326,10,8,14,34,29
20,joint_extreme_interactions,2.5,2.0,3.5,3.5,6,2,10110,19024,True,100,True,37,REOM23a9827f33d27c73e9522,recurrent_eom,crossfit_density_fdr_orbit_refinement,29,29,1.0,0.4603174603174603,0.6304347826086957,True,56,56,95,1.0,0.5894736842105263,0.7417218543046357,7,5,7,24,13
21,joint_extreme_interactions,2.5,2.0,3.5,3.5,6,6,4338,6176,True,100,True,8,LEAF2027c9fbdd4d176459825,leaf,crossfit_density_fdr_orbit_refinement,44,42,0.9545454545454546,0.6666666666666666,0.7850467289719627,True,102,90,95,0.8823529411764706,0.9473684210526316,0.9137055837563453,10,8,14,33,25
22,scale_factorial,2.5,2.0,3.5,3.5,8,4,4542,5412,True,100,True,292,LEAF2a48f024e7618d1b80740,leaf,crossfit_density_fdr_orbit_refinement,47,43,0.9148936170212766,0.6825396825396826,0.7818181818181817,False,0,0,95,0.0,0.0,0.0,0,0,0,0,0
23,joint_extreme_interactions,2.5,2.0,3.5,3.5,12,2,4525,6739,True,100,True,367,LEAF25d51facb64eb362d1015,leaf,crossfit_density_fdr_orbit_refinement,45,45,1.0,0.7142857142857143,0.8333333333333333,False,0,0,95,0.0,0.0,0.0,0,0,0,0,0
24,joint_extreme_interactions,2.5,2.0,3.5,3.5,12,6,2172,2497,True,100,True,13,LEAF2027c9fbdd4d176459825,leaf,crossfit_density_fdr_orbit_refinement,44,42,0.9545454545454546,0.6666666666666666,0.7850467289719627,True,102,90,95,0.8823529411764706,0.9473684210526316,0.9137055837563453,10,8,14,33,25
25,scale_factorial,2.5,3.0,1.5,1.5,8,4,3294,3859,True,100,True,509,LEAF283df9b69506fb9b89724,leaf,crossfit_density_fdr_orbit_refinement,44,42,0.9545454545454546,0.6666666666666666,0.7850467289719627,False,0,0,95,0.0,0.0,0.0,0,0,0,0,0
26,scale_factorial,2.5,3.0,1.5,2.5,8,4,3503,4160,True,100,True,332,LEAF2094e9a1d038f83ffccad,leaf,crossfit_density_fdr_orbit_refinement,45,43,0.9555555555555556,0.6825396825396826,0.7962962962962964,False,0,0,95,0.0,0.0,0.0,0,0,0,0,0
27,scale_factorial,2.5,3.0,1.5,3.5,8,4,3719,3980,True,100,True,3176,MS3L9f4081ec5389b8482aac,year_blind_leaf,crossfit_density_fdr_orbit_refinement,26,25,0.9615384615384616,0.3968253968253968,0.5617977528089887,False,0,0,95,0.0,0.0,0.0,0,0,0,0,0
28,scale_factorial,2.5,3.0,2.5,1.5,8,4,3559,4763,True,100,True,651,LEAF2376f37a0f2e8a02d56b9,leaf,crossfit_density_fdr_orbit_refinement,43,43,1.0,0.6825396825396826,0.8113207547169812,False,0,0,95,0.0,0.0,0.0,0,0,0,0,0
29,scale_factorial,2.5,3.0,2.5,2.5,8,4,3780,4545,True,100,True,16,LEAF23bbce98781c026fe3b10,leaf,crossfit_density_fdr_orbit_refinement,44,43,0.9772727272727272,0.6825396825396826,0.8037383177570094,True,127,95,95,0.7480314960629921,1.0,0.8558558558558559,10,8,14,34,29
30,scale_factorial,2.5,3.0,2.5,3.5,8,4,4039,5598,True,100,True,314,LEAF24d5af6c1e60b06261567,leaf,crossfit_density_fdr_orbit_refinement,44,43,0.9772727272727272,0.6825396825396826,0.8037383177570094,False,0,0,95,0.0,0.0,0.0,0,0,0,0,0
31,scale_factorial,2.5,3.0,3.5,1.5,8,4,3824,5450,True,100,True,16,LEAF22a706aede42b5379d596,leaf,crossfit_density_fdr_orbit_refinement,41,39,0.951219512195122,0.6190476190476191,0.7500000000000001,True,101,86,95,0.8514851485148515,0.9052631578947368,0.8775510204081632,9,8,14,33,22
32,scale_factorial,2.5,3.0,3.5,2.5,8,4,4028,5326,True,100,True,34,LEAF2e541eb4cc3be7fff393f,leaf,crossfit_density_fdr_orbit_refinement,45,44,0.9777777777777776,0.6984126984126984,0.8148148148148148,True,130,94,95,0.7230769230769231,0.9894736842105264,0.8355555555555554,10,8,14,34,28
33,scale_factorial,2.5,3.0,3.5,3.5,8,4,4280,6189,True,100,True,360,LEAF218198fa72c0db18294b8,leaf,crossfit_density_fdr_orbit_refinement,44,43,0.9772727272727272,0.6825396825396826,0.8037383177570094,False,0,0,95,0.0,0.0,0.0,0,0,0,0,0
34,joint_extreme_interactions,2.5,4.0,1.5,1.5,6,2,7891,14801,True,100,True,1956,REOM2324bfb3338c9adab097c,recurrent_eom,crossfit_density_fdr_orbit_refinement,36,36,1.0,0.5714285714285714,0.7272727272727273,False,0,0,95,0.0,0.0,0.0,0,0,0,0,0
35,joint_extreme_interactions,2.5,4.0,1.5,1.5,6,6,2927,3483,True,100,True,467,LEAF24cadd8d096a9f18e9b2b,leaf,crossfit_density_fdr_orbit_refinement,39,37,0.9487179487179488,0.5873015873015873,0.7254901960784315,False,0,0,95,0.0,0.0,0.0,0,0,0,0,0
36,scale_factorial,2.5,4.0,1.5,1.5,8,4,3198,3784,True,100,True,13,LEAF25574b9c82c70fb3dbe19,leaf,crossfit_density_fdr_orbit_refinement,40,40,1.0,0.6349206349206349,0.7766990291262136,True,80,78,95,0.975,0.8210526315789474,0.8914285714285713,9,7,10,30,22
37,joint_extreme_interactions,2.5,4.0,1.5,1.5,12,2,3329,5482,True,100,True,20,FUSE37f28ce2566a5338f6447,leaf,crossfit_density_fdr_orbit_refinement,51,36,0.7058823529411765,0.5714285714285714,0.6315789473684211,True,241,95,95,0.3941908713692946,1.0,0.5654761904761905,10,8,14,34,29
38,joint_extreme_interactions,2.5,4.0,1.5,1.5,12,6,1442,1603,True,100,True,10,LEAF24cadd8d096a9f18e9b2b,leaf,crossfit_density_fdr_orbit_refinement,39,37,0.9487179487179488,0.5873015873015873,0.7254901960784315,True,133,92,95,0.6917293233082706,0.968421052631579,0.807017543859649,10,8,14,32,28
39,scale_factorial,2.5,4.0,1.5,2.5,8,4,3420,4121,True,100,True,3259,MS3L1f600f9034e2b40815d3,year_blind_leaf,crossfit_density_fdr_orbit_refinement,26,23,0.8846153846153846,0.365079365079365,0.5168539325842696,False,0,0,95,0.0,0.0,0.0,0,0,0,0,0
40,joint_extreme_interactions,2.5,4.0,1.5,3.5,6,2,9051,17050,True,100,True,1099,REOM2ef96ec8f95caf082b0ad,recurrent_eom,crossfit_density_fdr_orbit_refinement,47,44,0.9361702127659576,0.6984126984126984,0.8,False,0,0,95,0.0,0.0,0.0,0,0,0,0,0
41,joint_extreme_interactions,2.5,4.0,1.5,3.5,6,6,3341,3947,True,100,True,2991,MS3Le27a61fadd3e93c2decc,year_blind_leaf,crossfit_density_fdr_orbit_refinement,24,23,0.9583333333333334,0.365079365079365,0.5287356321839081,False,0,0,95,0.0,0.0,0.0,0,0,0,0,0
42,scale_factorial,2.5,4.0,1.5,3.5,8,4,3635,3911,True,100,True,3349,MS3L92ec35c5995eedc78d5f,year_blind_leaf,crossfit_density_fdr_orbit_refinement,23,23,1.0,0.365079365079365,0.5348837209302325,False,0,0,95,0.0,0.0,0.0,0,0,0,0,0
43,joint_extreme_interactions,2.5,4.0,1.5,3.5,12,2,3779,5090,True,100,True,3584,MS3L5b6490d196015b73b2f8,year_blind_leaf,crossfit_density_fdr_orbit_refinement,28,25,0.8928571428571429,0.3968253968253968,0.5494505494505494,False,0,0,95,0.0,0.0,0.0,0,0,0,0,0
44,joint_extreme_interactions,2.5,4.0,1.5,3.5,12,6,1670,1744,True,100,True,4,LEAF27fa0e0f627c430d5bd73,leaf,crossfit_density_fdr_orbit_refinement,40,40,1.0,0.6349206349206349,0.7766990291262136,True,84,80,95,0.9523809523809524,0.8421052631578947,0.8938547486033519,9,8,11,30,22
45,scale_factorial,2.5,4.0,2.5,1.5,8,4,3449,4512,True,100,True,669,LEAF2f9dfdbab5fbe5c246c54,leaf,crossfit_density_fdr_orbit_refinement,45,42,0.9333333333333332,0.6666666666666666,0.7777777777777778,False,0,0,95,0.0,0.0,0.0,0,0,0,0,0
46,scale_factorial,2.5,4.0,2.5,2.5,8,4,3675,5249,True,100,True,33,FUSE3ba2310ec76ecef12076f,leaf,crossfit_density_fdr_orbit_refinement,48,47,0.9791666666666666,0.746031746031746,0.846846846846847,True,143,95,95,0.6643356643356644,1.0,0.7983193277310925,10,8,14,34,29
47,scale_factorial,2.5,4.0,2.5,3.5,8,4,3816,4882,True,100,True,327,LEAF2183fde77a5451fd8b74f,leaf,crossfit_density_fdr_orbit_refinement,43,42,0.9767441860465116,0.6666666666666666,0.7924528301886793,False,0,0,95,0.0,0.0,0.0,0,0,0,0,0
48,joint_extreme_interactions,2.5,4.0,3.5,1.5,6,2,8498,17881,True,100,True,7860,MS3Ef3f20b8e8ded9da5eb03,year_blind_eom,crossfit_density_fdr_orbit_refinement,23,22,0.9565217391304348,0.3492063492063492,0.5116279069767442,False,0,0,95,0.0,0.0,0.0,0,0,0,0,0
49,joint_extreme_interactions,2.5,4.0,3.5,1.5,6,6,3238,4028,True,100,True,15,LEAF2fdf3a1c1fe480e99e803,leaf,crossfit_density_fdr_orbit_refinement,33,33,1.0,0.5238095238095238,0.6875000000000001,True,59,58,95,0.9830508474576272,0.6105263157894737,0.7532467532467533,7,6,5,24,16
50,scale_factorial,2.5,4.0,3.5,1.5,8,4,3607,4818,True,100,True,27,LEAF254299ebd00ca67fa3a8f,leaf,crossfit_density_fdr_orbit_refinement,40,39,0.975,0.6190476190476191,0.7572815533980581,True,102,90,95,0.8823529411764706,0.9473684210526316,0.9137055837563453,10,8,14,33,25
51,joint_extreme_interactions,2.5,4.0,3.5,1.5,12,2,3559,5183,True,100,True,3221,FUSE3f3f20b8e8ded9da5eb03,year_blind_eom,crossfit_density_fdr_orbit_refinement,23,22,0.9565217391304348,0.3492063492063492,0.5116279069767442,False,0,0,95,0.0,0.0,0.0,0,0,0,0,0
52,joint_extreme_interactions,2.5,4.0,3.5,1.5,12,6,1579,1826,True,100,True,504,LEAF2cdb81484b37b7a7e046d,leaf,crossfit_density_fdr_orbit_refinement,45,37,0.8222222222222222,0.5873015873015873,0.6851851851851852,False,0,0,95,0.0,0.0,0.0,0,0,0,0,0
53,scale_factorial,2.5,4.0,3.5,2.5,8,4,3793,4681,True,100,True,8,LEAF2aa89effe078920ac73d0,leaf,crossfit_density_fdr_orbit_refinement,44,43,0.9772727272727272,0.6825396825396826,0.8037383177570094,True,91,86,95,0.945054945054945,0.9052631578947368,0.924731182795699,9,8,14,31,24
54,joint_extreme_interactions,2.5,4.0,3.5,3.5,6,2,9530,19507,True,100,True,1292,REOM2a2817937883dc7d902ce,recurrent_eom,crossfit_density_fdr_orbit_refinement,46,44,0.9565217391304348,0.6984126984126984,0.8073394495412843,False,0,0,95,0.0,0.0,0.0,0,0,0,0,0
55,joint_extreme_interactions,2.5,4.0,3.5,3.5,6,6,3743,5162,True,100,True,9,LEAF21ea7b33dd2226299187e,leaf,crossfit_density_fdr_orbit_refinement,42,42,1.0,0.6666666666666666,0.8,True,80,78,95,0.975,0.8210526315789474,0.8914285714285713,9,7,10,30,22
56,scale_factorial,2.5,4.0,3.5,3.5,8,4,3963,4756,True,100,True,380,LEAF2183fde77a5451fd8b74f,leaf,crossfit_density_fdr_orbit_refinement,43,42,0.9767441860465116,0.6666666666666666,0.7924528301886793,False,0,0,95,0.0,0.0,0.0,0,0,0,0,0
57,joint_extreme_interactions,2.5,4.0,3.5,3.5,12,2,4069,5439,True,100,True,420,LEAF2a2817937883dc7d902ce,leaf,crossfit_density_fdr_orbit_refinement,46,44,0.9565217391304348,0.6984126984126984,0.8073394495412843,False,0,0,95,0.0,0.0,0.0,0,0,0,0,0
58,joint_extreme_interactions,2.5,4.0,3.5,3.5,12,6,1873,1984,True,100,True,11,LEAF21ea7b33dd2226299187e,leaf,crossfit_density_fdr_orbit_refinement,42,42,1.0,0.6666666666666666,0.8,True,80,78,95,0.975,0.8210526315789474,0.8914285714285713,9,7,10,30,22
59,scale_factorial,3.5,2.0,1.5,1.5,8,4,3374,3952,True,100,True,518,LEAF2b6530e567d16196e8d03,leaf,crossfit_density_fdr_orbit_refinement,41,39,0.951219512195122,0.6190476190476191,0.7500000000000001,False,0,0,95,0.0,0.0,0.0,0,0,0,0,0
60,scale_factorial,3.5,2.0,1.5,2.5,8,4,3673,4353,True,100,True,14,LEAF2a5451f5ca532fcca250e,leaf,crossfit_density_fdr_orbit_refinement,43,42,0.9767441860465116,0.6666666666666666,0.7924528301886793,True,158,95,95,0.6012658227848101,1.0,0.75098814229249,10,8,14,34,29
61,scale_factorial,3.5,2.0,1.5,3.5,8,4,3752,4038,True,100,True,242,LEAF2a3b2bbcee614fefaa3fe,leaf,crossfit_density_fdr_orbit_refinement,44,43,0.9772727272727272,0.6825396825396826,0.8037383177570094,False,0,0,95,0.0,0.0,0.0,0,0,0,0,0
62,scale_factorial,3.5,2.0,2.5,1.5,8,4,3616,4300,True,100,True,625,LEAF292c1b25097787d80d0fc,leaf,crossfit_density_fdr_orbit_refinement,42,41,0.9761904761904762,0.6507936507936508,0.7809523809523808,False,0,0,95,0.0,0.0,0.0,0,0,0,0,0
63,scale_factorial,3.5,2.0,2.5,2.5,8,4,3896,5127,True,100,True,380,LEAF2945b22456663e9466570,leaf,crossfit_density_fdr_orbit_refinement,44,42,0.9545454545454546,0.6666666666666666,0.7850467289719627,False,0,0,95,0.0,0.0,0.0,0,0,0,0,0
64,scale_factorial,3.5,2.0,2.5,3.5,8,4,4069,4752,True,100,True,3505,MS3Lbeb150900ea982587514,year_blind_leaf,crossfit_density_fdr_orbit_refinement,31,29,0.935483870967742,0.4603174603174603,0.6170212765957446,False,0,0,95,0.0,0.0,0.0,0,0,0,0,0
65,scale_factorial,3.5,2.0,3.5,1.5,8,4,3879,5100,True,100,True,722,LEAF27535da7d2440a197b086,leaf,crossfit_density_fdr_orbit_refinement,45,43,0.9555555555555556,0.6825396825396826,0.7962962962962964,False,0,0,95,0.0,0.0,0.0,0,0,0,0,0
66,scale_factorial,3.5,2.0,3.5,2.5,8,4,4164,5577,True,100,True,567,LEAF2cb41a1366ffddb079c3a,leaf,crossfit_density_fdr_orbit_refinement,45,45,1.0,0.7142857142857143,0.8333333333333333,False,0,0,95,0.0,0.0,0.0,0,0,0,0,0
67,scale_factorial,3.5,2.0,3.5,3.5,8,4,4367,6057,True,100,True,6,REOM2b6dd23b05bc4ee51a436,recurrent_eom,hierarchy_core,34,32,0.9411764705882352,0.5079365079365079,0.6597938144329897,True,34,32,95,0.9411764705882352,0.3368421052631579,0.4961240310077519,0,0,0,18,14
68,scale_factorial,3.5,3.0,1.5,1.5,8,4,3219,3862,True,100,True,575,LEAF2a54169dd4d1b941c20b4,leaf,crossfit_density_fdr_orbit_refinement,41,41,1.0,0.6507936507936508,0.7884615384615385,False,0,0,95,0.0,0.0,0.0,0,0,0,0,0
69,scale_factorial,3.5,3.0,1.5,2.5,8,4,3454,4161,True,100,True,366,LEAF2ddb71b1f311d075745a4,leaf,crossfit_density_fdr_orbit_refinement,42,42,1.0,0.6666666666666666,0.8,False,0,0,95,0.0,0.0,0.0,0,0,0,0,0
70,scale_factorial,3.5,3.0,1.5,3.5,8,4,3618,4266,True,100,True,3,FUSE36524827015001f9eed20,leaf,crossfit_density_fdr_orbit_refinement,51,49,0.9607843137254902,0.7777777777777778,0.8596491228070176,True,141,95,95,0.6737588652482269,1.0,0.8050847457627118,10,8,14,34,29
71,scale_factorial,3.5,3.0,2.5,1.5,8,4,3411,4607,True,100,True,10,FUSE3376f37a0f2e8a02d56b9,leaf,crossfit_density_fdr_orbit_refinement,43,43,1.0,0.6825396825396826,0.8113207547169812,True,127,95,95,0.7480314960629921,1.0,0.8558558558558559,10,8,14,34,29
72,hdbscan_factorial,3.5,3.0,2.5,2.5,6,2,8585,16568,True,100,True,35,FUSE3324bfb3338c9adab097c,recurrent_eom,crossfit_density_fdr_orbit_refinement,36,36,1.0,0.5714285714285714,0.7272727272727273,True,55,55,95,1.0,0.5789473684210527,0.7333333333333334,7,5,5,24,14
73,hdbscan_factorial,3.5,3.0,2.5,2.5,6,4,4926,6452,True,100,True,8,FUSE35df08b7309eb00102a7c,leaf,crossfit_density_fdr_orbit_refinement,48,47,0.9791666666666666,0.746031746031746,0.846846846846847,True,123,95,95,0.7723577235772358,1.0,0.8715596330275228,10,8,14,34,29
74,hdbscan_factorial,3.5,3.0,2.5,2.5,6,6,3354,3849,True,100,True,12,LEAF227c555f9c2700ade2723,leaf,crossfit_density_fdr_orbit_refinement,41,41,1.0,0.6507936507936508,0.7884615384615385,True,80,78,95,0.975,0.8210526315789474,0.8914285714285713,9,7,10,30,22
75,hdbscan_factorial,3.5,3.0,2.5,2.5,8,2,6093,10204,True,100,True,1014,LEAF288df9b40edad6f5a97a8,leaf,crossfit_density_fdr_orbit_refinement,46,44,0.9565217391304348,0.6984126984126984,0.8073394495412843,False,0,0,95,0.0,0.0,0.0,0,0,0,0,0
76,hdbscan_factorial+scale_factorial,3.5,3.0,2.5,2.5,8,4,3644,4922,True,100,True,7,FUSE35df08b7309eb00102a7c,leaf,crossfit_density_fdr_orbit_refinement,48,47,0.9791666666666666,0.746031746031746,0.846846846846847,True,123,95,95,0.7723577235772358,1.0,0.8715596330275228,10,8,14,34,29
77,hdbscan_factorial,3.5,3.0,2.5,2.5,8,6,2573,2868,True,100,True,8,LEAF227c555f9c2700ade2723,leaf,crossfit_density_fdr_orbit_refinement,41,41,1.0,0.6507936507936508,0.7884615384615385,True,80,78,95,0.975,0.8210526315789474,0.8914285714285713,9,7,10,30,22
78,hdbscan_factorial,3.5,3.0,2.5,2.5,12,2,3769,5826,True,100,True,695,FUSE38e91f497d262d97a8da7,leaf,crossfit_density_fdr_orbit_refinement,52,50,0.9615384615384616,0.7936507936507936,0.8695652173913043,False,0,0,95,0.0,0.0,0.0,0,0,0,0,0
79,hdbscan_factorial,3.5,3.0,2.5,2.5,12,4,2324,2761,True,100,True,12,LEAF23bbce98781c026fe3b10,leaf,crossfit_density_fdr_orbit_refinement,44,43,0.9772727272727272,0.6825396825396826,0.8037383177570094,True,127,95,95,0.7480314960629921,1.0,0.8558558558558559,10,8,14,34,29
80,hdbscan_factorial,3.5,3.0,2.5,2.5,12,6,1652,1778,True,100,True,7,LEAF227c555f9c2700ade2723,leaf,crossfit_density_fdr_orbit_refinement,41,41,1.0,0.6507936507936508,0.7884615384615385,True,80,78,95,0.975,0.8210526315789474,0.8914285714285713,9,7,10,30,22
81,scale_factorial,3.5,3.0,2.5,3.5,8,4,3803,4150,True,100,True,8,LEAF2376f37a0f2e8a02d56b9,leaf,crossfit_density_fdr_orbit_refinement,43,43,1.0,0.6825396825396826,0.8113207547169812,True,127,95,95,0.7480314960629921,1.0,0.8558558558558559,10,8,14,34,29
82,scale_factorial,3.5,3.0,3.5,1.5,8,4,3679,5846,True,100,True,7,FUSE323a2d270a69469e7ce55,leaf,crossfit_density_fdr_orbit_refinement,42,35,0.8333333333333334,0.5555555555555556,0.6666666666666667,True,233,95,95,0.407725321888412,1.0,0.5792682926829269,10,8,14,34,29
83,scale_factorial,3.5,3.0,3.5,2.5,8,4,3946,6038,True,100,True,7,LEAF2d98dc7a4fee536f65821,leaf,crossfit_density_fdr_orbit_refinement,44,44,1.0,0.6984126984126984,0.822429906542056,True,135,95,95,0.7037037037037037,1.0,0.8260869565217391,10,8,14,34,29
84,scale_factorial,3.5,3.0,3.5,3.5,8,4,4023,5165,True,100,True,392,LEAF2e541eb4cc3be7fff393f,leaf,crossfit_density_fdr_orbit_refinement,45,44,0.9777777777777776,0.6984126984126984,0.8148148148148148,False,0,0,95,0.0,0.0,0.0,0,0,0,0,0
85,scale_factorial,3.5,4.0,1.5,1.5,8,4,3110,3746,True,100,True,12,LEAF2324bfb3338c9adab097c,leaf,crossfit_density_fdr_orbit_refinement,36,36,1.0,0.5714285714285714,0.7272727272727273,True,55,55,95,1.0,0.5789473684210527,0.7333333333333334,7,5,5,24,14
86,scale_factorial,3.5,4.0,1.5,2.5,8,4,3336,4051,True,100,True,14,LEAF26c3085d97c13c72c1625,leaf,crossfit_density_fdr_orbit_refinement,42,40,0.9523809523809524,0.6349206349206349,0.7619047619047619,True,155,95,95,0.6129032258064516,1.0,0.76,10,8,14,34,29
87,scale_factorial,3.5,4.0,1.5,3.5,8,4,3484,3803,True,100,True,3201,MS3L92ec35c5995eedc78d5f,year_blind_leaf,crossfit_density_fdr_orbit_refinement,23,23,1.0,0.365079365079365,0.5348837209302325,False,0,0,95,0.0,0.0,0.0,0,0,0,0,0
88,scale_factorial,3.5,4.0,2.5,1.5,8,4,3265,4500,True,100,True,19,FUSE377689038ebf34c4fb9f8,leaf,crossfit_density_fdr_orbit_refinement,39,37,0.9487179487179488,0.5873015873015873,0.7254901960784315,True,209,94,95,0.4497607655502392,0.9894736842105264,0.618421052631579,10,8,14,33,29
89,scale_factorial,3.5,4.0,2.5,2.5,8,4,3447,3999,True,100,True,14,LEAF20f50471275352613d670,leaf,crossfit_density_fdr_orbit_refinement,44,43,0.9772727272727272,0.6825396825396826,0.8037383177570094,True,154,95,95,0.6168831168831169,1.0,0.7630522088353413,10,8,14,34,29
90,scale_factorial,3.5,4.0,2.5,3.5,8,4,3696,4407,True,100,True,12,LEAF2094e9a1d038f83ffccad,leaf,crossfit_density_fdr_orbit_refinement,45,43,0.9555555555555556,0.6825396825396826,0.7962962962962964,True,153,95,95,0.6209150326797386,1.0,0.7661290322580645,10,8,14,34,29
91,scale_factorial,3.5,4.0,3.5,1.5,8,4,3420,4274,True,100,True,23,LEAF264e9cd16300524e4ad53,leaf,crossfit_density_fdr_orbit_refinement,36,36,1.0,0.5714285714285714,0.7272727272727273,True,62,61,95,0.9838709677419356,0.6421052631578947,0.7770700636942676,7,6,6,25,17
92,scale_factorial,3.5,4.0,3.5,2.5,8,4,3624,4239,True,100,True,14,LEAF2376f37a0f2e8a02d56b9,leaf,crossfit_density_fdr_orbit_refinement,43,43,1.0,0.6825396825396826,0.8113207547169812,True,127,95,95,0.7480314960629921,1.0,0.8558558558558559,10,8,14,34,29
93,scale_factorial,3.5,4.0,3.5,3.5,8,4,3818,4617,True,100,True,3,LEAF23bbce98781c026fe3b10,leaf,crossfit_density_fdr_orbit_refinement,44,43,0.9772727272727272,0.6825396825396826,0.8037383177570094,True,127,95,95,0.7480314960629921,1.0,0.8558558558558559,10,8,14,34,29
94,joint_extreme_interactions,4.5,2.0,1.5,1.5,6,2,8075,15021,True,100,True,8,REOM2b0b55271178dcc5bf0f5,recurrent_eom,crossfit_density_fdr_orbit_refinement,39,37,0.9487179487179488,0.5873015873015873,0.7254901960784315,True,181,94,95,0.5193370165745856,0.9894736842105264,0.681159420289855,10,8,14,33,29
95,joint_extreme_interactions,4.5,2.0,1.5,1.5,6,6,3068,3672,True,100,True,2543,MS3L15fce18e6a4187cc8289,year_blind_leaf,crossfit_density_fdr_orbit_refinement,22,21,0.9545454545454546,0.3333333333333333,0.4941176470588235,False,0,0,95,0.0,0.0,0.0,0,0,0,0,0
96,scale_factorial,4.5,2.0,1.5,1.5,8,4,3376,4030,True,100,True,611,LEAF2d4366186e901914a8a7f,leaf,crossfit_density_fdr_orbit_refinement,35,34,0.9714285714285714,0.5396825396825397,0.6938775510204082,False,0,0,95,0.0,0.0,0.0,0,0,0,0,0
97,joint_extreme_interactions,4.5,2.0,1.5,1.5,12,2,3449,4158,True,100,True,17,LEAF2b0b55271178dcc5bf0f5,leaf,crossfit_density_fdr_orbit_refinement,39,37,0.9487179487179488,0.5873015873015873,0.7254901960784315,True,181,94,95,0.5193370165745856,0.9894736842105264,0.681159420289855,10,8,14,33,29
98,joint_extreme_interactions,4.5,2.0,1.5,1.5,12,6,1513,1677,True,100,True,8,LEAF28d30b1e563905e377765,leaf,crossfit_density_fdr_orbit_refinement,44,36,0.8181818181818182,0.5714285714285714,0.6728971962616823,True,264,95,95,0.3598484848484848,1.0,0.5292479108635098,10,8,14,34,29
99,scale_factorial,4.5,2.0,1.5,2.5,8,4,3568,3975,True,100,True,11,LEAF2fa00f1f6f0a253215c4e,leaf,crossfit_density_fdr_orbit_refinement,42,41,0.9761904761904762,0.6507936507936508,0.7809523809523808,True,152,95,95,0.625,1.0,0.7692307692307693,10,8,14,34,29
100,joint_extreme_interactions,4.5,2.0,1.5,3.5,6,2,9265,17453,True,100,True,1143,REOM2f9cce887a852e36f8dd2,recurrent_eom,crossfit_density_fdr_orbit_refinement,49,44,0.8979591836734694,0.6984126984126984,0.7857142857142857,False,0,0,95,0.0,0.0,0.0,0,0,0,0,0
101,joint_extreme_interactions,4.5,2.0,1.5,3.5,6,6,3489,3794,True,100,True,11,LEAF239f0881917ec0c247049,leaf,crossfit_density_fdr_orbit_refinement,44,42,0.9545454545454546,0.6666666666666666,0.7850467289719627,True,183,95,95,0.5191256830601093,1.0,0.683453237410072,10,8,14,34,29
102,scale_factorial,4.5,2.0,1.5,3.5,8,4,3774,4074,True,100,True,374,LEAF271ffb617e2f142156c20,leaf,crossfit_density_fdr_orbit_refinement,48,47,0.9791666666666666,0.746031746031746,0.846846846846847,False,0,0,95,0.0,0.0,0.0,0,0,0,0,0
103,joint_extreme_interactions,4.5,2.0,1.5,3.5,12,2,3829,4082,True,100,True,488,LEAF2b6913559b4016d020260,leaf,crossfit_density_fdr_orbit_refinement,51,46,0.9019607843137256,0.7301587301587301,0.8070175438596492,False,0,0,95,0.0,0.0,0.0,0,0,0,0,0
104,joint_extreme_interactions,4.5,2.0,1.5,3.5,12,6,1773,1852,True,100,True,5,LEAF239f0881917ec0c247049,leaf,crossfit_density_fdr_orbit_refinement,44,42,0.9545454545454546,0.6666666666666666,0.7850467289719627,True,183,95,95,0.5191256830601093,1.0,0.683453237410072,10,8,14,34,29
105,scale_factorial,4.5,2.0,2.5,1.5,8,4,3512,4257,True,100,True,904,LEAF28e38c5b70fcad7954d0e,leaf,crossfit_density_fdr_orbit_refinement,38,34,0.8947368421052632,0.5396825396825397,0.6732673267326732,False,0,0,95,0.0,0.0,0.0,0,0,0,0,0
106,scale_factorial,4.5,2.0,2.5,2.5,8,4,3812,5019,True,100,True,34,LEAF2a5451f5ca532fcca250e,leaf,crossfit_density_fdr_orbit_refinement,43,42,0.9767441860465116,0.6666666666666666,0.7924528301886793,True,158,95,95,0.6012658227848101,1.0,0.75098814229249,10,8,14,34,29
107,scale_factorial,4.5,2.0,2.5,3.5,8,4,3887,4232,True,100,True,8,LEAF21fa62966116500ba20f7,leaf,crossfit_density_fdr_orbit_refinement,29,29,1.0,0.4603174603174603,0.6304347826086957,True,59,59,95,1.0,0.6210526315789474,0.7662337662337663,7,6,6,24,16
108,joint_extreme_interactions,4.5,2.0,3.5,1.5,6,2,8645,16986,True,100,True,2434,REOM23c50c06fbb976b86b662,recurrent_eom,crossfit_density_fdr_orbit_refinement,48,38,0.7916666666666666,0.6031746031746031,0.6846846846846846,False,0,0,95,0.0,0.0,0.0,0,0,0,0,0
109,joint_extreme_interactions,4.5,2.0,3.5,1.5,6,6,3439,4207,True,100,True,16,LEAF21bd5f17b7fbc02ceab4a,leaf,crossfit_density_fdr_orbit_refinement,41,40,0.975609756097561,0.6349206349206349,0.7692307692307692,True,92,82,95,0.8913043478260869,0.8631578947368421,0.8770053475935828,9,8,11,31,23
110,scale_factorial,4.5,2.0,3.5,1.5,8,4,3728,5419,True,100,True,9,LEAF2a283d0a6b0855f82ac49,leaf,crossfit_density_fdr_orbit_refinement,39,36,0.9230769230769232,0.5714285714285714,0.7058823529411765,True,118,88,95,0.7457627118644068,0.9263157894736842,0.8262910798122066,10,8,14,32,24
111,joint_extreme_interactions,4.5,2.0,3.5,1.5,12,2,3829,6500,True,100,True,40,FUSE39b357724c77917d44377,leaf,crossfit_density_fdr_orbit_refinement,50,39,0.78,0.6190476190476191,0.6902654867256637,True,175,95,95,0.5428571428571428,1.0,0.7037037037037037,10,8,14,34,29
112,joint_extreme_interactions,4.5,2.0,3.5,1.5,12,6,1688,1913,True,100,True,8,LEAF21bd5f17b7fbc02ceab4a,leaf,crossfit_density_fdr_orbit_refinement,41,40,0.975609756097561,0.6349206349206349,0.7692307692307692,True,92,82,95,0.8913043478260869,0.8631578947368421,0.8770053475935828,9,8,11,31,23
113,scale_factorial,4.5,2.0,3.5,2.5,8,4,3872,4419,True,100,True,488,LEAF2fc092b56a493f417d651,leaf,crossfit_density_fdr_orbit_refinement,41,41,1.0,0.6507936507936508,0.7884615384615385,False,0,0,95,0.0,0.0,0.0,0,0,0,0,0
114,joint_extreme_interactions,4.5,2.0,3.5,3.5,6,2,9614,19468,True,100,True,5,FUSE3041a1054080f4c77d597,recurrent_eom,crossfit_density_fdr_orbit_refinement,32,32,1.0,0.5079365079365079,0.6736842105263158,True,62,61,95,0.9838709677419356,0.6421052631578947,0.7770700636942676,7,6,7,24,17
115,joint_extreme_interactions,4.5,2.0,3.5,3.5,6,6,3892,4709,True,100,True,285,LEAF2124df765d30ae922243f,leaf,crossfit_density_fdr_orbit_refinement,39,39,1.0,0.6190476190476191,0.7647058823529412,False,0,0,95,0.0,0.0,0.0,0,0,0,0,0
116,scale_factorial,4.5,2.0,3.5,3.5,8,4,4230,5751,True,100,True,13,LEAF2e36ec848b66811791153,leaf,crossfit_density_fdr_orbit_refinement,26,26,1.0,0.4126984126984127,0.5842696629213483,True,59,59,95,1.0,0.6210526315789474,0.7662337662337663,7,6,6,25,15
117,joint_extreme_interactions,4.5,2.0,3.5,3.5,12,2,4216,6132,True,100,True,367,FUSE36da22f595e1367043247,recurrent_eom,crossfit_density_fdr_orbit_refinement,46,45,0.9782608695652174,0.7142857142857143,0.8256880733944955,False,0,0,95,0.0,0.0,0.0,0,0,0,0,0
118,joint_extreme_interactions,4.5,2.0,3.5,3.5,12,6,1947,2040,True,100,True,370,LEAF24f671c8f40ca48c7a508,leaf,crossfit_density_fdr_orbit_refinement,45,44,0.9777777777777776,0.6984126984126984,0.8148148148148148,False,0,0,95,0.0,0.0,0.0,0,0,0,0,0
119,scale_factorial,4.5,3.0,1.5,1.5,8,4,3203,3881,True,100,True,8,LEAF263a875a091ab65181da1,leaf,crossfit_density_fdr_orbit_refinement,39,32,0.8205128205128205,0.5079365079365079,0.6274509803921569,True,267,94,95,0.352059925093633,0.9894736842105264,0.5193370165745858,10,8,14,33,29
120,scale_factorial,4.5,3.0,1.5,2.5,8,4,3392,4270,True,100,True,554,FUSE3dbe4bb02421df40e5a1b,leaf,crossfit_density_fdr_orbit_refinement,40,40,1.0,0.6349206349206349,0.7766990291262136,False,0,0,95,0.0,0.0,0.0,0,0,0,0,0
121,scale_factorial,4.5,3.0,1.5,3.5,8,4,3552,4189,True,100,True,10,LEAF296431e9ecc3ecdbd78c8,leaf,crossfit_density_fdr_orbit_refinement,41,40,0.975609756097561,0.6349206349206349,0.7692307692307692,True,136,95,95,0.6985294117647058,1.0,0.8225108225108225,10,8,14,34,29
122,scale_factorial,4.5,3.0,2.5,1.5,8,4,3384,4916,True,100,True,17,LEAF24641703244c916e25eaf,leaf,crossfit_density_fdr_orbit_refinement,36,34,0.9444444444444444,0.5396825396825397,0.6868686868686867,True,196,95,95,0.4846938775510204,1.0,0.6529209621993127,10,8,14,34,29
123,scale_factorial,4.5,3.0,2.5,2.5,8,4,3568,4431,True,100,True,464,LEAF24f287d7ea67333f54b94,leaf,crossfit_density_fdr_orbit_refinement,46,43,0.9347826086956522,0.6825396825396826,0.7889908256880734,False,0,0,95,0.0,0.0,0.0,0,0,0,0,0
124,scale_factorial,4.5,3.0,2.5,3.5,8,4,3790,5542,True,100,True,450,LEAF2ae5b1ef0a32c846f6992,leaf,crossfit_density_fdr_orbit_refinement,48,48,1.0,0.7619047619047619,0.8648648648648648,False,0,0,95,0.0,0.0,0.0,0,0,0,0,0
125,scale_factorial,4.5,3.0,3.5,1.5,8,4,3450,4315,True,100,True,19,LEAF28aaed62f59d19d884aab,leaf,crossfit_density_fdr_orbit_refinement,43,35,0.813953488372093,0.5555555555555556,0.6603773584905661,True,228,95,95,0.4166666666666667,1.0,0.5882352941176471,10,8,14,34,29
126,scale_factorial,4.5,3.0,3.5,2.5,8,4,3672,4742,True,100,True,7,FUSE3e3a49db3f736cf6d5c6b,leaf,crossfit_density_fdr_orbit_refinement,50,50,1.0,0.7936507936507936,0.8849557522123894,True,119,95,95,0.7983193277310925,1.0,0.8878504672897196,10,8,14,34,29
127,scale_factorial,4.5,3.0,3.5,3.5,8,4,3913,5062,True,100,True,6,LEAF2f803315bfe02148f3c4b,leaf,crossfit_density_fdr_orbit_refinement,45,43,0.9555555555555556,0.6825396825396826,0.7962962962962964,True,145,95,95,0.6551724137931034,1.0,0.7916666666666666,10,8,14,34,29
128,joint_extreme_interactions,4.5,4.0,1.5,1.5,6,2,7627,13740,True,100,True,2089,REOM2ba83d5509f8a13b2746e,recurrent_eom,crossfit_density_fdr_orbit_refinement,40,37,0.925,0.5873015873015873,0.7184466019417477,False,0,0,95,0.0,0.0,0.0,0,0,0,0,0
129,joint_extreme_interactions,4.5,4.0,1.5,1.5,6,6,2854,3529,True,100,True,38,LEAF2aef1b477e2b98cbf979c,leaf,crossfit_density_fdr_orbit_refinement,20,20,1.0,0.3174603174603174,0.4819277108433735,True,72,61,95,0.8472222222222222,0.6421052631578947,0.7305389221556887,7,7,7,24,16
130,scale_factorial,4.5,4.0,1.5,1.5,8,4,3081,3787,True,100,True,15,LEAF2f49ab83fa5e015a3af00,leaf,crossfit_density_fdr_orbit_refinement,32,32,1.0,0.5079365079365079,0.6736842105263158,True,64,63,95,0.984375,0.6631578947368421,0.7924528301886793,7,6,7,27,16
131,joint_extreme_interactions,4.5,4.0,1.5,1.5,12,2,3133,3821,True,100,True,26,LEAF2ba83d5509f8a13b2746e,leaf,crossfit_density_fdr_orbit_refinement,40,37,0.925,0.5873015873015873,0.7184466019417477,True,173,95,95,0.5491329479768786,1.0,0.7089552238805971,10,8,14,34,29
132,joint_extreme_interactions,4.5,4.0,1.5,1.5,12,6,1323,1548,True,100,True,14,LEAF2e78fd328201543a28c8a,leaf,crossfit_density_fdr_orbit_refinement,40,30,0.75,0.4761904761904761,0.58252427184466,True,259,95,95,0.3667953667953668,1.0,0.536723163841808,10,8,14,34,29
133,scale_factorial,4.5,4.0,1.5,2.5,8,4,3260,3713,True,100,True,5,LEAF27b58f86c6d2763421801,leaf,crossfit_density_fdr_orbit_refinement,42,41,0.9761904761904762,0.6507936507936508,0.7809523809523808,True,150,95,95,0.6333333333333333,1.0,0.7755102040816326,10,8,14,34,29
134,joint_extreme_interactions,4.5,4.0,1.5,3.5,6,2,8272,11288,True,100,True,1305,REOM2247e8e00ebbd8002c22b,recurrent_eom,crossfit_density_fdr_orbit_refinement,49,44,0.8979591836734694,0.6984126984126984,0.7857142857142857,False,0,0,95,0.0,0.0,0.0,0,0,0,0,0
135,joint_extreme_interactions,4.5,4.0,1.5,3.5,6,6,3118,3466,True,100,True,2766,MS3L839d92d7cf1d3ea17b75,year_blind_leaf,crossfit_density_fdr_orbit_refinement,21,21,1.0,0.3333333333333333,0.5,False,0,0,95,0.0,0.0,0.0,0,0,0,0,0
136,scale_factorial,4.5,4.0,1.5,3.5,8,4,3436,3773,True,100,True,286,LEAF203b589ac712be14ba481,leaf,crossfit_density_fdr_orbit_refinement,43,42,0.9767441860465116,0.6666666666666666,0.7924528301886793,False,0,0,95,0.0,0.0,0.0,0,0,0,0,0
137,joint_extreme_interactions,4.5,4.0,1.5,3.5,12,2,3495,4157,True,100,True,333,LEAF2247e8e00ebbd8002c22b,leaf,crossfit_density_fdr_orbit_refinement,49,44,0.8979591836734694,0.6984126984126984,0.7857142857142857,False,0,0,95,0.0,0.0,0.0,0,0,0,0,0
138,joint_extreme_interactions,4.5,4.0,1.5,3.5,12,6,1542,1634,True,100,True,6,LEAF2052be5ee1503901de47e,leaf,crossfit_density_fdr_orbit_refinement,41,40,0.975609756097561,0.6349206349206349,0.7692307692307692,True,97,88,95,0.9072164948453608,0.9263157894736842,0.9166666666666664,10,8,13,33,24
139,scale_factorial,4.5,4.0,2.5,1.5,8,4,3182,3947,True,100,True,10,LEAF2bcac2ef7736a88bc2d64,leaf,crossfit_density_fdr_orbit_refinement,33,33,1.0,0.5238095238095238,0.6875000000000001,True,65,64,95,0.9846153846153848,0.6736842105263158,0.8,7,6,6,28,17
140,scale_factorial,4.5,4.0,2.5,2.5,8,4,3336,3905,True,100,True,505,LEAF2f536dd20495abb35b6dc,leaf,crossfit_density_fdr_orbit_refinement,46,43,0.9347826086956522,0.6825396825396826,0.7889908256880734,False,0,0,95,0.0,0.0,0.0,0,0,0,0,0
141,scale_factorial,4.5,4.0,2.5,3.5,8,4,3613,4550,True,100,True,9,LEAF2a303326fb5806fe53934,leaf,crossfit_density_fdr_orbit_refinement,45,43,0.9555555555555556,0.6825396825396826,0.7962962962962964,True,216,95,95,0.4398148148148148,1.0,0.6109324758842444,10,8,14,34,29
142,joint_extreme_interactions,4.5,4.0,3.5,1.5,6,2,8083,16995,True,100,True,2538,REOM2d41f3850c236bad0b11c,recurrent_eom,crossfit_density_fdr_orbit_refinement,39,37,0.9487179487179488,0.5873015873015873,0.7254901960784315,False,0,0,95,0.0,0.0,0.0,0,0,0,0,0
143,joint_extreme_interactions,4.5,4.0,3.5,1.5,6,6,3103,3961,True,100,True,9,LEAF2d1180537a314f73a0ae0,leaf,crossfit_density_fdr_orbit_refinement,33,32,0.9696969696969696,0.5079365079365079,0.6666666666666666,True,95,81,95,0.8526315789473684,0.8526315789473684,0.8526315789473685,9,8,12,33,19
144,scale_factorial,4.5,4.0,3.5,1.5,8,4,3362,4235,True,100,True,22,LEAF2287744fec379ebef9d65,leaf,crossfit_density_fdr_orbit_refinement,34,34,1.0,0.5396825396825397,0.7010309278350516,True,60,59,95,0.9833333333333332,0.6210526315789474,0.7612903225806452,7,6,5,25,16
145,joint_extreme_interactions,4.5,4.0,3.5,1.5,12,2,3350,4586,True,100,True,2971,MS3L53a9a738832e73d72ba0,year_blind_leaf,crossfit_density_fdr_orbit_refinement,24,23,0.9583333333333334,0.365079365079365,0.5287356321839081,False,0,0,95,0.0,0.0,0.0,0,0,0,0,0
146,joint_extreme_interactions,4.5,4.0,3.5,1.5,12,6,1466,1785,True,100,True,23,LEAF2d1180537a314f73a0ae0,leaf,crossfit_density_fdr_orbit_refinement,33,32,0.9696969696969696,0.5079365079365079,0.6666666666666666,True,95,81,95,0.8526315789473684,0.8526315789473684,0.8526315789473685,9,8,12,33,19
147,scale_factorial,4.5,4.0,3.5,2.5,8,4,3527,4513,True,100,True,551,LEAF2376f37a0f2e8a02d56b9,leaf,crossfit_density_fdr_orbit_refinement,43,43,1.0,0.6825396825396826,0.8113207547169812,False,0,0,95,0.0,0.0,0.0,0,0,0,0,0
148,joint_extreme_interactions,4.5,4.0,3.5,3.5,6,2,8741,16967,True,100,True,35,FUSE36978927d04faa715e75e,recurrent_eom,crossfit_density_fdr_orbit_refinement,35,35,1.0,0.5555555555555556,0.7142857142857143,True,55,55,95,1.0,0.5789473684210527,0.7333333333333334,7,5,5,24,14
149,joint_extreme_interactions,4.5,4.0,3.5,3.5,6,6,3453,4208,True,100,True,4,LEAF227c555f9c2700ade2723,leaf,crossfit_density_fdr_orbit_refinement,41,41,1.0,0.6507936507936508,0.7884615384615385,True,80,78,95,0.975,0.8210526315789474,0.8914285714285713,9,7,10,30,22
150,scale_factorial,4.5,4.0,3.5,3.5,8,4,3704,4981,True,100,True,7,FUSE37c8c632b07c677d47ada,leaf,crossfit_density_fdr_orbit_refinement,49,47,0.9591836734693876,0.746031746031746,0.8392857142857143,True,142,95,95,0.6690140845070423,1.0,0.8016877637130801,10,8,14,34,29
151,joint_extreme_interactions,4.5,4.0,3.5,3.5,12,2,3791,6019,True,100,True,4,FUSE3c1570d782f9a55ee016b,leaf,crossfit_density_fdr_orbit_refinement,53,50,0.9433962264150944,0.7936507936507936,0.8620689655172413,True,145,95,95,0.6551724137931034,1.0,0.7916666666666666,10,8,14,34,29
152,joint_extreme_interactions,4.5,4.0,3.5,3.5,12,6,1730,1896,True,100,True,6,LEAF227c555f9c2700ade2723,leaf,crossfit_density_fdr_orbit_refinement,41,41,1.0,0.6507936507936508,0.7884615384615385,True,80,78,95,0.975,0.8210526315789474,0.8914285714285713,9,7,10,30,22
